source_row,rules,location_id,business_date,orders,gross_cents,refund_cents,labor_minutes,completed_jobs,on_time_jobs
89,DUPLICATE_KEY,L0001,2025-03-29,203,575099,27983,1218,182,177
90,DUPLICATE_KEY,L0001,2025-03-29,203,575099,27983,1218,182,177
217,INVALID_LABOR_MINUTES,L0002,2025-02-05,83,284358,3806,,80,78
219,UNKNOWN_LOCATION|UNEXPECTED_LOCATION_DATE|DUPLICATE_KEY,UNKNOWN,2025-02-07,62,140182,5313,310,55,52
262,DUPLICATE_KEY,L0002,2025-03-22,77,258412,8663,462,73,65
263,DUPLICATE_KEY,L0002,2025-03-22,77,258412,8663,462,73,65
378,ON_TIME_EXCEEDS_COMPLETED,L0003,2025-01-16,150,275400,3017,600,138,139
446,INVALID_LABOR_MINUTES,L0003,2025-03-25,196,591920,27310,,186,183
533,UNKNOWN_LOCATION|UNEXPECTED_LOCATION_DATE|DUPLICATE_KEY,UNKNOWN,2025-06-20,195,822315,17668,1365,173,164
629,UNKNOWN_LOCATION|UNEXPECTED_LOCATION_DATE,UNKNOWN,2025-03-30,90,264420,8649,450,79,77
637,INVALID_LABOR_MINUTES,L0004,2025-04-07,78,202644,7193,,72,64
646,REFUND_EXCEEDS_GROSS,L0004,2025-04-16,75,285675,285676,225,69,64
658,ON_TIME_EXCEEDS_COMPLETED,L0004,2025-04-28,85,366180,4430,510,77,78
675,INVALID_GROSS_CENTS,L0004,2025-05-15,83,-100,12699,498,72,68
716,DUPLICATE_KEY,L0004,2025-06-25,85,157845,5874,425,78,68
717,DUPLICATE_KEY,L0004,2025-06-25,85,157845,5874,425,78,68
769,DUPLICATE_KEY,L0005,2025-02-17,159,516909,24434,1113,158,150
770,DUPLICATE_KEY,L0005,2025-02-17,159,516909,24434,1113,158,150
820,DUPLICATE_KEY,L0005,2025-04-08,169,549419,21452,507,146,133
821,DUPLICATE_KEY,L0005,2025-04-08,169,549419,21452,507,146,133
859,REFUND_EXCEEDS_GROSS,L0005,2025-05-16,186,505734,505735,1302,159,145
907,INVALID_LABOR_MINUTES,L0006,2025-01-05,155,572105,22065,,140,127
973,REFUND_EXCEEDS_GROSS,L0006,2025-03-13,138,620586,620587,966,135,128
997,REFUND_EXCEEDS_GROSS,L0006,2025-04-07,155,504835,504836,775,131,118
1029,UNKNOWN_LOCATION|UNEXPECTED_LOCATION_DATE,UNKNOWN,2025-05-11,189,349272,7686,567,177,153
1084,REFUND_EXCEEDS_GROSS,L0007,2025-01-06,90,275310,275311,540,87,82
1094,INVALID_LABOR_MINUTES,L0007,2025-01-16,82,252888,6395,,77,67
1111,DUPLICATE_KEY,L0007,2025-02-02,95,340480,3051,475,83,80
1112,DUPLICATE_KEY,L0007,2025-02-02,95,340480,3051,475,83,80
1129,DUPLICATE_KEY,L0007,2025-02-19,98,244902,10626,686,93,84
1130,DUPLICATE_KEY,L0007,2025-02-19,98,244902,10626,686,93,84
1148,REFUND_EXCEEDS_GROSS,L0007,2025-03-09,118,354118,354119,472,101,92
1253,DUPLICATE_KEY,L0007,2025-06-25,86,321640,7634,344,73,67
1254,DUPLICATE_KEY,L0007,2025-06-25,86,321640,7634,344,73,67
1282,ON_TIME_EXCEEDS_COMPLETED,L0008,2025-01-24,114,220932,2145,570,102,103
1296,UNKNOWN_LOCATION|UNEXPECTED_LOCATION_DATE|DUPLICATE_KEY,UNKNOWN,2025-02-07,123,395814,3785,738,117,113
1325,DUPLICATE_KEY,L0008,2025-03-08,137,432372,19846,548,134,123
1326,DUPLICATE_KEY,L0008,2025-03-08,137,432372,19846,548,134,123
1476,ON_TIME_EXCEEDS_COMPLETED,L0009,2025-02-07,130,568360,20136,390,127,128
1504,UNKNOWN_LOCATION|UNEXPECTED_LOCATION_DATE|DUPLICATE_KEY,UNKNOWN,2025-03-08,177,548169,24208,708,160,145
1508,UNKNOWN_LOCATION|UNEXPECTED_LOCATION_DATE|DUPLICATE_KEY,UNKNOWN,2025-03-12,117,323271,8806,468,108,98
1515,REFUND_EXCEEDS_GROSS,L0009,2025-03-19,139,457310,457311,556,135,119
1563,DUPLICATE_KEY,L0009,2025-05-06,117,369369,13263,351,106,93
1564,DUPLICATE_KEY,L0009,2025-05-06,117,369369,13263,351,106,93
1594,REFUND_EXCEEDS_GROSS,L0009,2025-06-05,115,494040,494041,460,100,89
1634,INVALID_GROSS_CENTS,L0010,2025-01-16,147,-100,26750,588,134,133
1658,REFUND_EXCEEDS_GROSS,L0010,2025-02-09,236,1042412,1042413,708,203,197
1684,REFUND_EXCEEDS_GROSS,L0010,2025-03-10,172,480568,480569,1032,158,135
1719,DUPLICATE_KEY,L0010,2025-04-14,150,503100,13997,900,138,118
1720,DUPLICATE_KEY,L0010,2025-04-14,150,503100,13997,900,138,118
1740,INVALID_LABOR_MINUTES,L0010,2025-05-04,260,901420,33725,,251,245
1753,DUPLICATE_KEY,L0010,2025-05-17,262,754560,36476,786,234,207
1754,DUPLICATE_KEY,L0010,2025-05-17,262,754560,36476,786,234,207
1791,INVALID_GROSS_CENTS,L0010,2025-06-24,164,-100,23452,492,152,137
1827,ON_TIME_EXCEEDS_COMPLETED,L0011,2025-02-02,209,753654,13694,1254,200,201
1891,INVALID_LABOR_MINUTES,L0011,2025-04-07,176,728464,35522,,175,159
1905,DUPLICATE_KEY,L0011,2025-04-21,180,474660,4679,720,172,158
1906,DUPLICATE_KEY,L0011,2025-04-21,180,474660,4679,720,172,158
1979,DUPLICATE_KEY,L0012,2025-01-05,67,175339,4525,402,57,53
1980,DUPLICATE_KEY,L0012,2025-01-05,67,175339,4525,402,57,53
2037,ON_TIME_EXCEEDS_COMPLETED,L0012,2025-03-04,58,248008,9245,406,56,57
2137,INVALID_GROSS_CENTS,L0012,2025-06-12,49,-100,10482,196,44,42
2181,DUPLICATE_KEY,L0013,2025-01-28,223,564859,24012,1115,198,183
2182,DUPLICATE_KEY,L0013,2025-01-28,223,564859,24012,1115,198,183
2278,INVALID_GROSS_CENTS,L0013,2025-05-08,217,-100,9367,651,216,196
2429,DUPLICATE_KEY,L0014,2025-04-12,230,606050,9395,690,222,203
2430,DUPLICATE_KEY,L0014,2025-04-12,230,606050,9395,690,222,203
2436,DUPLICATE_KEY,L0014,2025-04-18,233,491164,14364,1398,214,196
2437,DUPLICATE_KEY,L0014,2025-04-18,233,491164,14364,1398,214,196
2467,INVALID_LABOR_MINUTES,L0014,2025-05-19,192,647232,24855,,171,152
2472,ON_TIME_EXCEEDS_COMPLETED,L0014,2025-05-24,273,1220037,41345,1365,269,270
2483,INVALID_GROSS_CENTS,L0014,2025-06-05,214,-100,3468,1284,211,204
2498,INVALID_GROSS_CENTS,L0014,2025-06-20,237,-100,22022,1659,210,190
2519,DUPLICATE_KEY,L0015,2025-01-13,232,871856,35797,696,226,209
2520,DUPLICATE_KEY,L0015,2025-01-13,232,871856,35797,696,226,209
2535,UNKNOWN_LOCATION|UNEXPECTED_LOCATION_DATE|DUPLICATE_KEY,UNKNOWN,2025-01-29,188,624160,3189,1128,175,169
2539,UNKNOWN_LOCATION|UNEXPECTED_LOCATION_DATE|DUPLICATE_KEY,UNKNOWN,2025-02-02,252,894600,34267,1260,215,207
2552,DUPLICATE_KEY,L0015,2025-02-15,257,981997,48711,1028,232,205
2553,DUPLICATE_KEY,L0015,2025-02-15,257,981997,48711,1028,232,205
2604,DUPLICATE_KEY,L0015,2025-04-07,162,707616,27125,1134,149,129
2605,DUPLICATE_KEY,L0015,2025-04-07,162,707616,27125,1134,149,129
2629,INVALID_GROSS_CENTS,L0015,2025-05-01,181,-100,15432,1267,176,166
2677,INVALID_GROSS_CENTS,L0015,2025-06-18,168,-100,18111,840,147,143
2707,UNKNOWN_LOCATION|UNEXPECTED_LOCATION_DATE|DUPLICATE_KEY,UNKNOWN,2025-01-19,168,322056,13698,1176,152,146
2766,ON_TIME_EXCEEDS_COMPLETED,L0016,2025-03-20,131,363787,10730,524,111,112
2801,INVALID_GROSS_CENTS,L0016,2025-04-24,138,-100,27558,966,129,127
2856,DUPLICATE_KEY,L0016,2025-06-18,125,349750,7655,375,110,102
2857,DUPLICATE_KEY,L0016,2025-06-18,125,349750,7655,375,110,102
2863,DUPLICATE_KEY,L0016,2025-06-24,109,488211,20850,545,103,89
2864,DUPLICATE_KEY,L0016,2025-06-24,109,488211,20850,545,103,89
2918,REFUND_EXCEEDS_GROSS,L0017,2025-02-19,81,254664,254665,567,69,64
2923,DUPLICATE_KEY,L0017,2025-02-24,97,352595,7986,485,83,75
2924,DUPLICATE_KEY,L0017,2025-02-24,97,352595,7986,485,83,75
2958,DUPLICATE_KEY,L0017,2025-03-30,97,373353,6254,485,87,84
2959,DUPLICATE_KEY,L0017,2025-03-30,97,373353,6254,485,87,84
3025,DUPLICATE_KEY,L0017,2025-06-04,81,309177,13509,567,70,49
3026,DUPLICATE_KEY,L0017,2025-06-04,81,309177,13509,567,70,49
3068,DUPLICATE_KEY,L0018,2025-01-17,189,648270,26024,945,181,178
3069,DUPLICATE_KEY,L0018,2025-01-17,189,648270,26024,945,181,178
3088,INVALID_LABOR_MINUTES,L0018,2025-02-05,187,534072,11808,,185,176
3127,INVALID_LABOR_MINUTES,L0018,2025-03-16,212,745180,24734,,210,195
3160,DUPLICATE_KEY,L0018,2025-04-18,170,428570,2375,680,157,149
3161,DUPLICATE_KEY,L0018,2025-04-18,170,428570,2375,680,157,149
3191,DUPLICATE_KEY,L0018,2025-05-18,182,765310,14493,1092,172,147
3192,DUPLICATE_KEY,L0018,2025-05-18,182,765310,14493,1092,172,147
3217,REFUND_EXCEEDS_GROSS,L0018,2025-06-12,186,346518,346519,930,160,144
3278,REFUND_EXCEEDS_GROSS,L0019,2025-02-13,61,226554,226555,427,55,47
3321,INVALID_GROSS_CENTS,L0019,2025-03-28,43,-100,3121,129,40,37
3421,DUPLICATE_KEY,L0020,2025-01-08,131,544305,12510,393,120,106
3422,DUPLICATE_KEY,L0020,2025-01-08,131,544305,12510,393,120,106
3508,DUPLICATE_KEY,L0020,2025-04-05,121,325127,13990,726,109,104
3509,DUPLICATE_KEY,L0020,2025-04-05,121,325127,13990,726,109,104
3519,ON_TIME_EXCEEDS_COMPLETED,L0020,2025-04-15,107,436132,5213,642,96,97
3672,INVALID_GROSS_CENTS,L0021,2025-03-24,169,-100,14442,1014,164,152
3741,DUPLICATE_KEY,L0021,2025-06-03,157,532858,19348,628,148,140
3742,DUPLICATE_KEY,L0021,2025-06-03,157,532858,19348,628,148,140
3821,INVALID_LABOR_MINUTES,L0022,2025-02-24,130,549120,25009,,126,108
3864,REFUND_EXCEEDS_GROSS,L0022,2025-04-09,148,560032,560033,740,133,131
3874,DUPLICATE_KEY,L0022,2025-04-19,162,463158,22878,972,161,149
3875,DUPLICATE_KEY,L0022,2025-04-19,162,463158,22878,972,161,149
3919,UNKNOWN_LOCATION|UNEXPECTED_LOCATION_DATE|DUPLICATE_KEY,UNKNOWN,2025-06-02,159,409584,8435,954,153,136
4019,ON_TIME_EXCEEDS_COMPLETED,L0023,2025-03-14,188,387468,10500,564,174,175
4064,REFUND_EXCEEDS_GROSS,L0023,2025-04-28,197,703487,703488,788,174,168
4075,UNKNOWN_LOCATION|UNEXPECTED_LOCATION_DATE|DUPLICATE_KEY,UNKNOWN,2025-05-09,168,591696,9322,840,166,151
4085,DUPLICATE_KEY,L0023,2025-05-19,161,547883,9873,1127,151,139
4086,DUPLICATE_KEY,L0023,2025-05-19,161,547883,9873,1127,151,139
4187,DUPLICATE_KEY,L0024,2025-03-04,223,591396,23734,1561,205,185
4188,DUPLICATE_KEY,L0024,2025-03-04,223,591396,23734,1561,205,185
4211,INVALID_GROSS_CENTS,L0024,2025-03-27,171,-100,29813,855,163,156
4338,UNKNOWN_LOCATION|UNEXPECTED_LOCATION_DATE|DUPLICATE_KEY,UNKNOWN,2025-02-03,124,525140,21034,372,106,95
4428,ON_TIME_EXCEEDS_COMPLETED,L0025,2025-05-04,162,485838,14448,648,138,139
4441,ON_TIME_EXCEEDS_COMPLETED,L0025,2025-05-17,158,319002,8422,474,147,148
4467,INVALID_GROSS_CENTS,L0025,2025-06-12,126,-100,6063,756,110,96
4470,INVALID_LABOR_MINUTES,L0025,2025-06-15,170,482970,19462,,149,142
4543,DUPLICATE_KEY,L0026,2025-03-01,295,1224545,15799,1475,288,270
4544,DUPLICATE_KEY,L0026,2025-03-01,295,1224545,15799,1475,288,270
4601,DUPLICATE_KEY,L0026,2025-04-28,167,304441,2371,835,148,143
4602,DUPLICATE_KEY,L0026,2025-04-28,167,304441,2371,835,148,143
4638,ON_TIME_EXCEEDS_COMPLETED,L0026,2025-06-05,204,620772,3783,1224,180,181
4644,UNKNOWN_LOCATION|UNEXPECTED_LOCATION_DATE,UNKNOWN,2025-06-11,241,868564,32288,1446,223,197
4654,DUPLICATE_KEY,L0026,2025-06-21,256,915712,29503,768,220,204
4655,DUPLICATE_KEY,L0026,2025-06-21,256,915712,29503,768,220,204
4701,ON_TIME_EXCEEDS_COMPLETED,L0027,2025-02-07,172,768668,25739,688,156,157
4736,INVALID_LABOR_MINUTES,L0027,2025-03-15,235,597135,5009,,234,200
4739,DUPLICATE_KEY,L0027,2025-03-18,158,412854,6822,632,150,129
4740,DUPLICATE_KEY,L0027,2025-03-18,158,412854,6822,632,150,129
4765,REFUND_EXCEEDS_GROSS,L0027,2025-04-12,202,680942,680943,606,194,189
4815,UNKNOWN_LOCATION|UNEXPECTED_LOCATION_DATE|DUPLICATE_KEY,UNKNOWN,2025-06-01,231,736197,35841,1386,203,179
4903,UNKNOWN_LOCATION|UNEXPECTED_LOCATION_DATE,UNKNOWN,2025-03-01,225,578250,26470,900,194,187
4958,DUPLICATE_KEY,L0028,2025-04-26,229,531051,5846,687,197,187
4959,DUPLICATE_KEY,L0028,2025-04-26,229,531051,5846,687,197,187
4995,UNKNOWN_LOCATION|UNEXPECTED_LOCATION_DATE|DUPLICATE_KEY,UNKNOWN,2025-06-01,175,590800,7697,1050,157,134
4996,DUPLICATE_KEY,L0028,2025-06-02,132,302544,11974,924,129,110
4997,DUPLICATE_KEY,L0028,2025-06-02,132,302544,11974,924,129,110
5017,REFUND_EXCEEDS_GROSS,L0028,2025-06-23,143,620906,620907,858,135,128
5032,DUPLICATE_KEY,L0029,2025-01-09,172,742524,35849,1032,158,150
5033,DUPLICATE_KEY,L0029,2025-01-09,172,742524,35849,1032,158,150
5047,INVALID_GROSS_CENTS,L0029,2025-01-23,240,-100,17871,720,208,205
5059,INVALID_LABOR_MINUTES,L0029,2025-02-06,226,523190,11758,,205,194
5125,INVALID_GROSS_CENTS,L0029,2025-04-14,214,-100,20862,642,213,198
5234,ON_TIME_EXCEEDS_COMPLETED,L0030,2025-02-04,111,261183,9127,777,105,106
5350,INVALID_GROSS_CENTS,L0030,2025-05-31,166,-100,5560,830,147,132
5402,DUPLICATE_KEY,L0031,2025-01-25,55,193050,8772,275,51,48
5403,DUPLICATE_KEY,L0031,2025-01-25,55,193050,8772,275,51,48
5536,DUPLICATE_KEY,L0031,2025-06-10,53,127677,6230,212,50,48
5537,DUPLICATE_KEY,L0031,2025-06-10,53,127677,6230,212,50,48
5581,REFUND_EXCEEDS_GROSS,L0032,2025-01-25,227,604047,604048,1362,203,174
5633,INVALID_GROSS_CENTS,L0032,2025-03-18,189,-100,16679,945,165,162
5642,INVALID_GROSS_CENTS,L0032,2025-03-27,201,-100,17565,1206,175,159
5719,DUPLICATE_KEY,L0032,2025-06-13,166,719610,12248,996,143,132
5720,DUPLICATE_KEY,L0032,2025-06-13,166,719610,12248,996,143,132
5739,DUPLICATE_KEY,L0033,2025-01-05,102,362406,8717,612,94,81
5740,DUPLICATE_KEY,L0033,2025-01-05,102,362406,8717,612,94,81
5756,ON_TIME_EXCEEDS_COMPLETED,L0033,2025-01-21,100,409000,10089,400,95,96
5778,DUPLICATE_KEY,L0033,2025-02-13,71,203273,8145,497,69,59
5779,DUPLICATE_KEY,L0033,2025-02-13,71,203273,8145,497,69,59
5794,ON_TIME_EXCEEDS_COMPLETED,L0033,2025-03-01,94,184898,3099,564,82,83
5856,REFUND_EXCEEDS_GROSS,L0033,2025-05-03,105,402255,402256,315,97,92
5993,INVALID_LABOR_MINUTES,L0034,2025-03-21,197,824248,35001,,188,180
6038,DUPLICATE_KEY,L0034,2025-05-05,191,486477,3221,764,167,150
6039,DUPLICATE_KEY,L0034,2025-05-05,191,486477,3221,764,167,150
6055,INVALID_LABOR_MINUTES,L0034,2025-05-21,179,431032,20261,,155,136
6097,REFUND_EXCEEDS_GROSS,L0035,2025-01-04,88,314776,314777,616,84,72
6106,ON_TIME_EXCEEDS_COMPLETED,L0035,2025-01-13,70,164220,5356,420,69,70
6149,REFUND_EXCEEDS_GROSS,L0035,2025-02-26,90,290790,290791,450,77,74
6152,DUPLICATE_KEY,L0035,2025-03-01,100,295700,5581,500,94,86
6153,DUPLICATE_KEY,L0035,2025-03-01,100,295700,5581,500,94,86
6201,INVALID_LABOR_MINUTES,L0035,2025-04-18,94,221370,7845,,82,81
6286,INVALID_GROSS_CENTS,L0036,2025-01-14,149,-100,4137,1043,140,132
6482,DUPLICATE_KEY,L0037,2025-02-03,170,453730,18210,1020,152,140
6483,DUPLICATE_KEY,L0037,2025-02-03,170,453730,18210,1020,152,140
6489,DUPLICATE_KEY,L0037,2025-02-10,162,325296,8352,648,140,135
6490,DUPLICATE_KEY,L0037,2025-02-10,162,325296,8352,648,140,135
6525,DUPLICATE_KEY,L0037,2025-03-18,188,592200,9015,752,167,151
6526,DUPLICATE_KEY,L0037,2025-03-18,188,592200,9015,752,167,151
6549,REFUND_EXCEEDS_GROSS,L0037,2025-04-11,175,327950,327951,1225,166,143
6611,UNKNOWN_LOCATION|UNEXPECTED_LOCATION_DATE|DUPLICATE_KEY,UNKNOWN,2025-06-12,157,338021,12708,942,148,142
6712,INVALID_GROSS_CENTS,L0038,2025-03-28,135,-100,6273,405,121,112
6795,ON_TIME_EXCEEDS_COMPLETED,L0038,2025-06-20,109,436000,21694,436,99,100
6886,INVALID_LABOR_MINUTES,L0039,2025-03-24,176,653840,28993,,149,135
6977,DUPLICATE_KEY,L0039,2025-06-24,151,561418,13862,755,134,118
6978,DUPLICATE_KEY,L0039,2025-06-24,151,561418,13862,755,134,118
6997,DUPLICATE_KEY,L0040,2025-01-15,236,982232,35677,1652,217,195
6998,DUPLICATE_KEY,L0040,2025-01-15,236,982232,35677,1652,217,195
7016,INVALID_GROSS_CENTS,L0040,2025-02-02,294,-100,8422,1764,255,247
7054,INVALID_GROSS_CENTS,L0040,2025-03-12,255,-100,38061,1530,231,224
7111,ON_TIME_EXCEEDS_COMPLETED,L0040,2025-05-09,246,1096176,42226,1722,235,236
7181,INVALID_LABOR_MINUTES,L0041,2025-01-20,52,145236,3470,,51,47
7214,DUPLICATE_KEY,L0041,2025-02-23,61,272609,6075,183,59,58
7215,DUPLICATE_KEY,L0041,2025-02-23,61,272609,6075,183,59,58
7224,REFUND_EXCEEDS_GROSS,L0041,2025-03-04,53,215710,215711,159,47,44
7225,REFUND_EXCEEDS_GROSS,L0041,2025-03-05,44,184712,184713,264,43,41
7269,DUPLICATE_KEY,L0041,2025-04-18,47,137663,2519,141,42,36
7270,DUPLICATE_KEY,L0041,2025-04-18,47,137663,2519,141,42,36
7272,REFUND_EXCEEDS_GROSS,L0041,2025-04-20,51,106998,106999,204,43,40
7309,REFUND_EXCEEDS_GROSS,L0041,2025-05-27,40,167760,167761,120,34,30
7352,UNKNOWN_LOCATION|UNEXPECTED_LOCATION_DATE,UNKNOWN,2025-01-11,237,1017678,25028,1422,224,213
7400,DUPLICATE_KEY,L0042,2025-02-28,221,645099,30918,663,205,181
7401,DUPLICATE_KEY,L0042,2025-02-28,221,645099,30918,663,205,181
7455,DUPLICATE_KEY,L0042,2025-04-23,207,422073,14012,1449,203,196
7456,DUPLICATE_KEY,L0042,2025-04-23,207,422073,14012,1449,203,196
7497,DUPLICATE_KEY,L0042,2025-06-03,196,853972,25547,1372,188,184
7498,DUPLICATE_KEY,L0042,2025-06-03,196,853972,25547,1372,188,184
7584,DUPLICATE_KEY,L0043,2025-03-03,178,593986,18913,1068,153,137
7585,DUPLICATE_KEY,L0043,2025-03-03,178,593986,18913,1068,153,137
7610,INVALID_GROSS_CENTS,L0043,2025-03-28,221,-100,28246,1105,212,187
7612,INVALID_LABOR_MINUTES,L0043,2025-03-30,251,607169,10099,,232,212
7654,INVALID_LABOR_MINUTES,L0043,2025-05-11,183,545889,24485,,159,155
7682,INVALID_LABOR_MINUTES,L0043,2025-06-09,176,411136,16340,,168,154
7805,INVALID_LABOR_MINUTES,L0044,2025-04-14,158,391840,18718,,144,133
7835,ON_TIME_EXCEEDS_COMPLETED,L0044,2025-05-16,141,365895,5956,705,123,124
7847,INVALID_LABOR_MINUTES,L0044,2025-05-28,149,453854,3704,,145,143
7897,UNKNOWN_LOCATION|UNEXPECTED_LOCATION_DATE,UNKNOWN,2025-01-18,57,223383,2424,399,52,46
7909,ON_TIME_EXCEEDS_COMPLETED,L0045,2025-01-31,57,123291,3824,285,50,51
7917,ON_TIME_EXCEEDS_COMPLETED,L0045,2025-02-08,69,270204,10954,345,61,62
7957,INVALID_GROSS_CENTS,L0045,2025-03-21,63,-100,6151,441,59,53
8001,INVALID_GROSS_CENTS,L0045,2025-05-07,46,-100,2129,230,43,41
8044,DUPLICATE_KEY,L0045,2025-06-19,63,131985,3911,189,60,52
8045,DUPLICATE_KEY,L0045,2025-06-19,63,131985,3911,189,60,52
8078,INVALID_LABOR_MINUTES,L0046,2025-01-23,44,116292,1549,,39,37
8150,DUPLICATE_KEY,L0046,2025-04-05,52,149032,775,156,48,46
8151,DUPLICATE_KEY,L0046,2025-04-05,52,149032,775,156,48,46
8241,REFUND_EXCEEDS_GROSS,L0047,2025-01-08,150,273750,273751,750,136,124
8261,INVALID_GROSS_CENTS,L0047,2025-01-28,141,-100,17467,846,138,125
8267,DUPLICATE_KEY,L0047,2025-02-03,125,510000,2559,500,110,103
8268,DUPLICATE_KEY,L0047,2025-02-03,125,510000,2559,500,110,103
8355,INVALID_LABOR_MINUTES,L0047,2025-05-02,113,344876,10098,,110,103
8377,UNKNOWN_LOCATION|UNEXPECTED_LOCATION_DATE,UNKNOWN,2025-05-25,144,406368,4541,720,129,114
8380,INVALID_LABOR_MINUTES,L0047,2025-05-28,154,642488,21830,,148,130
8398,INVALID_GROSS_CENTS,L0047,2025-06-15,199,-100,4910,1393,183,162
8410,DUPLICATE_KEY,L0047,2025-06-27,111,402930,9328,555,109,103
8411,DUPLICATE_KEY,L0047,2025-06-27,111,402930,9328,555,109,103
8460,ON_TIME_EXCEEDS_COMPLETED,L0048,2025-02-19,33,125895,4239,132,29,30
8512,ON_TIME_EXCEEDS_COMPLETED,L0048,2025-04-13,54,171990,1184,216,48,49
8563,INVALID_GROSS_CENTS,L0048,2025-06-06,33,-100,6754,165,32,31
8586,ON_TIME_EXCEEDS_COMPLETED,L0049,2025-01-01,120,322800,3281,360,107,108
8676,DUPLICATE_KEY,L0049,2025-04-03,99,220572,8209,594,91,89
8677,DUPLICATE_KEY,L0049,2025-04-03,99,220572,8209,594,91,89
8678,UNKNOWN_LOCATION|UNEXPECTED_LOCATION_DATE,UNKNOWN,2025-04-04,105,257145,3480,315,90,85
8681,DUPLICATE_KEY,L0049,2025-04-07,91,384566,8112,637,80,69
8682,DUPLICATE_KEY,L0049,2025-04-07,91,384566,8112,637,80,69
8731,INVALID_LABOR_MINUTES,L0049,2025-05-27,87,372882,10435,,74,66
8753,REFUND_EXCEEDS_GROSS,L0049,2025-06-18,112,466704,466705,448,99,97
8817,REFUND_EXCEEDS_GROSS,L0050,2025-02-23,190,505590,505591,1330,188,168
8823,INVALID_GROSS_CENTS,L0050,2025-03-01,230,-100,39219,1380,225,210
8944,DUPLICATE_KEY,L0051,2025-01-02,155,281480,13619,1085,142,126
8945,DUPLICATE_KEY,L0051,2025-01-02,155,281480,13619,1085,142,126
8967,UNKNOWN_LOCATION|UNEXPECTED_LOCATION_DATE|DUPLICATE_KEY,UNKNOWN,2025-01-24,186,539028,10398,930,179,175
9100,REFUND_EXCEEDS_GROSS,L0051,2025-06-08,236,543980,543981,1652,234,205
9144,DUPLICATE_KEY,L0052,2025-01-24,218,568544,24199,872,207,182
9145,DUPLICATE_KEY,L0052,2025-01-24,218,568544,24199,872,207,182
9214,INVALID_GROSS_CENTS,L0052,2025-04-04,174,-100,10089,870,162,158
9218,DUPLICATE_KEY,L0052,2025-04-08,212,453468,13858,848,181,177
9219,DUPLICATE_KEY,L0052,2025-04-08,212,453468,13858,848,181,177
9295,INVALID_GROSS_CENTS,L0052,2025-06-23,213,-100,10889,1065,190,182
9296,DUPLICATE_KEY,L0052,2025-06-24,177,510468,7785,1062,155,149
9297,DUPLICATE_KEY,L0052,2025-06-24,177,510468,7785,1062,155,149
9392,ON_TIME_EXCEEDS_COMPLETED,L0053,2025-03-31,58,231304,8459,406,55,56
9397,UNKNOWN_LOCATION|UNEXPECTED_LOCATION_DATE,UNKNOWN,2025-04-05,95,338200,16008,380,94,92
9452,ON_TIME_EXCEEDS_COMPLETED,L0053,2025-05-31,86,165980,3059,344,83,84
9508,INVALID_GROSS_CENTS,L0054,2025-01-27,194,-100,35222,776,174,168
9521,DUPLICATE_KEY,L0054,2025-02-09,239,898640,44400,1195,223,220
9522,DUPLICATE_KEY,L0054,2025-02-09,239,898640,44400,1195,223,220
9559,UNKNOWN_LOCATION|UNEXPECTED_LOCATION_DATE,UNKNOWN,2025-03-18,176,556864,25495,1232,162,159
9659,INVALID_LABOR_MINUTES,L0054,2025-06-27,197,481468,6889,,185,172
9746,INVALID_LABOR_MINUTES,L0055,2025-03-27,62,260648,11284,,54,47
9753,INVALID_LABOR_MINUTES,L0055,2025-04-03,47,139637,1784,,42,37
9765,DUPLICATE_KEY,L0055,2025-04-15,51,113220,2538,357,47,43
9766,DUPLICATE_KEY,L0055,2025-04-15,51,113220,2538,357,47,43
9825,DUPLICATE_KEY,L0055,2025-06-13,59,220129,9993,354,50,46
9826,DUPLICATE_KEY,L0055,2025-06-13,59,220129,9993,354,50,46
9858,INVALID_LABOR_MINUTES,L0056,2025-01-16,71,150875,7185,,68,65
9864,DUPLICATE_KEY,L0056,2025-01-22,101,293203,4315,303,97,85
9865,DUPLICATE_KEY,L0056,2025-01-22,101,293203,4315,303,97,85
9935,INVALID_LABOR_MINUTES,L0056,2025-04-02,83,204512,6905,,81,80
9955,DUPLICATE_KEY,L0056,2025-04-23,74,155474,1269,296,69,60
9956,DUPLICATE_KEY,L0056,2025-04-23,74,155474,1269,296,69,60
10014,INVALID_GROSS_CENTS,L0056,2025-06-20,81,-100,7616,324,75,67
10016,DUPLICATE_KEY,L0056,2025-06-22,113,328378,2395,452,106,104
10017,DUPLICATE_KEY,L0056,2025-06-22,113,328378,2395,452,106,104
10107,DUPLICATE_KEY,L0057,2025-03-26,40,90720,533,120,39,38
10108,DUPLICATE_KEY,L0057,2025-03-26,40,90720,533,120,39,38
10131,UNKNOWN_LOCATION|UNEXPECTED_LOCATION_DATE|DUPLICATE_KEY,UNKNOWN,2025-04-19,47,175357,5978,141,45,40
10141,DUPLICATE_KEY,L0057,2025-04-29,35,100835,3129,175,32,28
10142,DUPLICATE_KEY,L0057,2025-04-29,35,100835,3129,175,32,28
10222,REFUND_EXCEEDS_GROSS,L0058,2025-01-20,163,644339,644340,978,143,131
10250,INVALID_GROSS_CENTS,L0058,2025-02-17,163,-100,10836,489,153,146
10292,DUPLICATE_KEY,L0058,2025-03-31,174,545838,22203,696,150,135
10293,DUPLICATE_KEY,L0058,2025-03-31,174,545838,22203,696,150,135
10351,ON_TIME_EXCEEDS_COMPLETED,L0058,2025-05-28,138,399234,8932,552,132,133
10378,UNKNOWN_LOCATION|UNEXPECTED_LOCATION_DATE|DUPLICATE_KEY,UNKNOWN,2025-06-24,145,646120,12548,435,136,134
10430,UNKNOWN_LOCATION|UNEXPECTED_LOCATION_DATE|DUPLICATE_KEY,UNKNOWN,2025-02-16,133,412832,7817,931,119,115
10454,DUPLICATE_KEY,L0059,2025-03-12,108,417096,14577,432,96,88
10455,DUPLICATE_KEY,L0059,2025-03-12,108,417096,14577,432,96,88
10478,ON_TIME_EXCEEDS_COMPLETED,L0059,2025-04-04,134,348668,12727,402,125,126
10484,INVALID_LABOR_MINUTES,L0059,2025-04-11,126,509418,23663,,123,106
10507,DUPLICATE_KEY,L0059,2025-05-05,96,246912,3160,384,94,81
10508,DUPLICATE_KEY,L0059,2025-05-05,96,246912,3160,384,94,81
10511,DUPLICATE_KEY,L0059,2025-05-08,139,489836,6446,556,120,107
10512,DUPLICATE_KEY,L0059,2025-05-08,139,489836,6446,556,120,107
10550,INVALID_GROSS_CENTS,L0059,2025-06-15,156,-100,3648,780,137,134
10603,DUPLICATE_KEY,L0060,2025-02-10,128,458240,8039,768,111,96
10604,DUPLICATE_KEY,L0060,2025-02-10,128,458240,8039,768,111,96
10633,INVALID_GROSS_CENTS,L0060,2025-03-11,114,-100,4820,570,110,97
10645,ON_TIME_EXCEEDS_COMPLETED,L0060,2025-03-23,195,531960,5735,585,193,194
10658,REFUND_EXCEEDS_GROSS,L0060,2025-04-06,161,563500,563501,644,157,153
10767,UNKNOWN_LOCATION|UNEXPECTED_LOCATION_DATE|DUPLICATE_KEY,UNKNOWN,2025-01-29,102,370974,7214,510,87,79
10769,INVALID_LABOR_MINUTES,L0061,2025-01-31,86,323188,5140,,77,67
10822,DUPLICATE_KEY,L0061,2025-03-25,84,259644,4772,336,81,80
10823,DUPLICATE_KEY,L0061,2025-03-25,84,259644,4772,336,81,80
10824,ON_TIME_EXCEEDS_COMPLETED,L0061,2025-03-26,112,454608,11732,784,98,99
10866,DUPLICATE_KEY,L0061,2025-05-07,91,271999,10233,546,81,76
10867,DUPLICATE_KEY,L0061,2025-05-07,91,271999,10233,546,81,76
10879,DUPLICATE_KEY,L0061,2025-05-19,88,346632,10576,440,81,69
10880,DUPLICATE_KEY,L0061,2025-05-19,88,346632,10576,440,81,69
10916,REFUND_EXCEEDS_GROSS,L0061,2025-06-24,111,226995,226996,555,104,89
10971,UNKNOWN_LOCATION|UNEXPECTED_LOCATION_DATE|DUPLICATE_KEY,UNKNOWN,2025-02-20,190,774060,19727,570,171,165
10995,DUPLICATE_KEY,L0062,2025-03-16,257,509374,23143,1542,236,231
10996,DUPLICATE_KEY,L0062,2025-03-16,257,509374,23143,1542,236,231
11102,UNKNOWN_LOCATION|UNEXPECTED_LOCATION_DATE,UNKNOWN,2025-01-04,74,301476,5370,296,63,58
11111,REFUND_EXCEEDS_GROSS,L0063,2025-01-13,58,237742,237743,174,55,49
11170,DUPLICATE_KEY,L0063,2025-03-14,74,256706,7528,222,65,59
11171,DUPLICATE_KEY,L0063,2025-03-14,74,256706,7528,222,65,59
11219,UNKNOWN_LOCATION|UNEXPECTED_LOCATION_DATE,UNKNOWN,2025-05-02,53,131546,3232,371,46,40
11262,INVALID_LABOR_MINUTES,L0063,2025-06-15,68,124236,5975,,61,53
11420,ON_TIME_EXCEEDS_COMPLETED,L0064,2025-05-26,172,618856,5228,1032,152,153
11450,DUPLICATE_KEY,L0064,2025-06-25,188,802948,18926,940,162,141
11451,DUPLICATE_KEY,L0064,2025-06-25,188,802948,18926,940,162,141
11457,INVALID_GROSS_CENTS,L0065,2025-01-02,122,-100,20766,854,108,104
11495,INVALID_LABOR_MINUTES,L0065,2025-02-09,141,285948,3690,,137,125
11553,UNKNOWN_LOCATION|UNEXPECTED_LOCATION_DATE,UNKNOWN,2025-04-09,91,377559,12586,364,84,83
11628,DUPLICATE_KEY,L0065,2025-06-24,112,231952,11482,560,98,84
11629,DUPLICATE_KEY,L0065,2025-06-24,112,231952,11482,560,98,84
11669,ON_TIME_EXCEEDS_COMPLETED,L0066,2025-02-04,97,180808,3156,388,85,86
11706,UNKNOWN_LOCATION|UNEXPECTED_LOCATION_DATE,UNKNOWN,2025-03-13,105,231630,2953,630,96,94
11730,ON_TIME_EXCEEDS_COMPLETED,L0066,2025-04-06,144,414720,12998,576,138,139
11895,INVALID_LABOR_MINUTES,L0067,2025-03-22,77,150150,4624,,68,62
11939,REFUND_EXCEEDS_GROSS,L0067,2025-05-06,55,227260,227261,385,51,47
11956,INVALID_LABOR_MINUTES,L0067,2025-05-23,59,176115,2554,,56,54
11974,INVALID_LABOR_MINUTES,L0067,2025-06-10,76,246012,8229,,66,58
11995,ON_TIME_EXCEEDS_COMPLETED,L0068,2025-01-02,214,451540,21517,642,183,184
12055,DUPLICATE_KEY,L0068,2025-03-07,200,731800,9482,600,197,170
12056,DUPLICATE_KEY,L0068,2025-03-07,200,731800,9482,600,197,170
12063,ON_TIME_EXCEEDS_COMPLETED,L0068,2025-03-15,270,720900,11482,1620,251,252
12064,REFUND_EXCEEDS_GROSS,L0068,2025-03-16,281,524627,524628,1967,251,230
12074,INVALID_LABOR_MINUTES,L0068,2025-03-26,249,809748,36944,,234,209
12075,INVALID_LABOR_MINUTES,L0068,2025-03-27,188,512676,3893,,165,143
12109,DUPLICATE_KEY,L0068,2025-04-30,190,464170,15126,760,173,156
12110,DUPLICATE_KEY,L0068,2025-04-30,190,464170,15126,760,173,156
12111,DUPLICATE_KEY,L0068,2025-05-01,188,417360,5374,1128,173,164
12112,DUPLICATE_KEY,L0068,2025-05-01,188,417360,5374,1128,173,164
12130,REFUND_EXCEEDS_GROSS,L0068,2025-05-19,179,564029,564030,1253,159,150
12273,DUPLICATE_KEY,L0069,2025-04-12,219,553632,8926,657,187,181
12274,DUPLICATE_KEY,L0069,2025-04-12,219,553632,8926,657,187,181
12332,ON_TIME_EXCEEDS_COMPLETED,L0069,2025-06-09,224,663488,16474,1568,218,219
12466,UNKNOWN_LOCATION|UNEXPECTED_LOCATION_DATE,UNKNOWN,2025-04-24,138,615894,27076,966,119,109
12579,REFUND_EXCEEDS_GROSS,L0071,2025-02-20,62,237646,237647,310,57,53
12630,UNKNOWN_LOCATION|UNEXPECTED_LOCATION_DATE,UNKNOWN,2025-04-12,73,307987,2276,365,65,63
12679,UNKNOWN_LOCATION|UNEXPECTED_LOCATION_DATE|DUPLICATE_KEY,UNKNOWN,2025-05-31,78,149214,5116,546,74,65
12708,ON_TIME_EXCEEDS_COMPLETED,L0071,2025-06-29,61,235887,8464,427,58,59
12735,DUPLICATE_KEY,L0072,2025-01-27,175,782250,25638,875,155,138
12736,DUPLICATE_KEY,L0072,2025-01-27,175,782250,25638,875,155,138
12748,UNKNOWN_LOCATION|UNEXPECTED_LOCATION_DATE,UNKNOWN,2025-02-08,235,756465,10808,1645,218,215
12779,REFUND_EXCEEDS_GROSS,L0072,2025-03-12,155,561410,561411,930,151,135
12809,DUPLICATE_KEY,L0072,2025-04-11,165,640200,5787,825,164,156
12810,DUPLICATE_KEY,L0072,2025-04-11,165,640200,5787,825,164,156
12819,INVALID_GROSS_CENTS,L0072,2025-04-20,201,-100,36354,1005,198,183
12851,UNKNOWN_LOCATION|UNEXPECTED_LOCATION_DATE|DUPLICATE_KEY,UNKNOWN,2025-05-22,197,820702,8730,591,171,165
12856,INVALID_LABOR_MINUTES,L0072,2025-05-28,153,468333,3669,,132,125
12868,INVALID_GROSS_CENTS,L0072,2025-06-09,134,-100,3244,804,133,128
12888,REFUND_EXCEEDS_GROSS,L0072,2025-06-29,179,611106,611107,716,168,147
12904,INVALID_LABOR_MINUTES,L0073,2025-01-16,82,351452,1814,,72,65
12915,DUPLICATE_KEY,L0073,2025-01-27,72,310752,7668,288,67,64
12916,DUPLICATE_KEY,L0073,2025-01-27,72,310752,7668,288,67,64
12994,ON_TIME_EXCEEDS_COMPLETED,L0073,2025-04-16,66,121242,1111,198,56,57
13000,INVALID_LABOR_MINUTES,L0073,2025-04-22,85,380205,17643,,84,80
13182,UNKNOWN_LOCATION|UNEXPECTED_LOCATION_DATE,UNKNOWN,2025-04-28,142,391778,8986,568,133,131
13193,DUPLICATE_KEY,L0074,2025-05-09,135,571185,13925,945,130,123
13194,DUPLICATE_KEY,L0074,2025-05-09,135,571185,13925,945,130,123
13218,ON_TIME_EXCEEDS_COMPLETED,L0074,2025-06-03,114,315438,6751,684,110,111
13236,DUPLICATE_KEY,L0074,2025-06-21,160,459520,3698,640,139,130
13237,DUPLICATE_KEY,L0074,2025-06-21,160,459520,3698,640,139,130
13263,DUPLICATE_KEY,L0075,2025-01-18,122,494588,17039,488,104,97
13264,DUPLICATE_KEY,L0075,2025-01-18,122,494588,17039,488,104,97
13311,ON_TIME_EXCEEDS_COMPLETED,L0075,2025-03-06,96,387648,8196,384,85,86
13376,ON_TIME_EXCEEDS_COMPLETED,L0075,2025-05-11,97,191478,5990,388,91,92
13422,INVALID_LABOR_MINUTES,L0075,2025-06-27,89,344786,10972,,83,74
13452,DUPLICATE_KEY,L0076,2025-01-29,147,283857,12941,441,129,125
13453,DUPLICATE_KEY,L0076,2025-01-29,147,283857,12941,441,129,125
13536,DUPLICATE_KEY,L0076,2025-04-23,153,638928,31236,1071,143,141
13537,DUPLICATE_KEY,L0076,2025-04-23,153,638928,31236,1071,143,141
13589,REFUND_EXCEEDS_GROSS,L0076,2025-06-15,211,543747,543748,633,179,168
13612,REFUND_EXCEEDS_GROSS,L0077,2025-01-09,124,270196,270197,744,116,109
13622,INVALID_LABOR_MINUTES,L0077,2025-01-19,197,577407,13302,,190,168
13636,UNKNOWN_LOCATION|UNEXPECTED_LOCATION_DATE|DUPLICATE_KEY,UNKNOWN,2025-02-02,191,808312,33893,764,179,176
13683,DUPLICATE_KEY,L0077,2025-03-21,159,475251,20246,477,153,138
13684,DUPLICATE_KEY,L0077,2025-03-21,159,475251,20246,477,153,138
13781,ON_TIME_EXCEEDS_COMPLETED,L0077,2025-06-26,162,539946,21078,486,149,150
13912,INVALID_LABOR_MINUTES,L0078,2025-05-12,98,265580,7953,,94,87
14074,DUPLICATE_KEY,L0079,2025-04-26,144,540288,10108,1008,142,130
14075,DUPLICATE_KEY,L0079,2025-04-26,144,540288,10108,1008,142,130
14078,DUPLICATE_KEY,L0079,2025-04-29,89,283999,8106,534,85,73
14079,DUPLICATE_KEY,L0079,2025-04-29,89,283999,8106,534,85,73
14182,ON_TIME_EXCEEDS_COMPLETED,L0080,2025-02-12,198,367092,12097,990,190,191
14201,ON_TIME_EXCEEDS_COMPLETED,L0080,2025-03-03,140,575260,5718,980,127,128
14216,INVALID_LABOR_MINUTES,L0080,2025-03-18,172,645172,7886,,161,152
14255,DUPLICATE_KEY,L0080,2025-04-27,188,429768,16924,752,176,162
14256,DUPLICATE_KEY,L0080,2025-04-27,188,429768,16924,752,176,162
14296,DUPLICATE_KEY,L0080,2025-06-06,186,584784,23602,930,171,156
14297,DUPLICATE_KEY,L0080,2025-06-06,186,584784,23602,930,171,156
14393,INVALID_GROSS_CENTS,L0081,2025-03-17,230,-100,45803,1380,205,191
14423,INVALID_LABOR_MINUTES,L0081,2025-04-16,186,377022,7597,,175,164
14452,ON_TIME_EXCEEDS_COMPLETED,L0081,2025-05-15,188,720604,28517,564,180,181
14483,ON_TIME_EXCEEDS_COMPLETED,L0081,2025-06-16,191,720834,22745,764,167,168
14551,REFUND_EXCEEDS_GROSS,L0082,2025-02-25,137,434564,434565,822,121,109
14553,UNKNOWN_LOCATION|UNEXPECTED_LOCATION_DATE|DUPLICATE_KEY,UNKNOWN,2025-02-27,141,386622,7626,564,139,132
14568,DUPLICATE_KEY,L0082,2025-03-14,135,443610,9693,540,130,116
14569,DUPLICATE_KEY,L0082,2025-03-14,135,443610,9693,540,130,116
14582,INVALID_GROSS_CENTS,L0082,2025-03-27,130,-100,6910,650,111,107
14602,INVALID_GROSS_CENTS,L0082,2025-04-17,137,-100,25015,959,128,114
14654,ON_TIME_EXCEEDS_COMPLETED,L0082,2025-06-08,160,322880,3704,640,151,152
14663,INVALID_LABOR_MINUTES,L0082,2025-06-17,116,283388,6454,,112,101
14712,UNKNOWN_LOCATION|UNEXPECTED_LOCATION_DATE|DUPLICATE_KEY,UNKNOWN,2025-02-06,141,255069,8764,987,133,121
14729,ON_TIME_EXCEEDS_COMPLETED,L0083,2025-02-23,134,383240,18419,670,133,134
14777,DUPLICATE_KEY,L0083,2025-04-12,155,668980,19709,930,138,125
14778,DUPLICATE_KEY,L0083,2025-04-12,155,668980,19709,930,138,125
14793,INVALID_GROSS_CENTS,L0083,2025-04-27,166,-100,5831,1162,142,138
14807,REFUND_EXCEEDS_GROSS,L0083,2025-05-11,141,614478,614479,846,134,129
14813,ON_TIME_EXCEEDS_COMPLETED,L0083,2025-05-17,144,303264,11374,576,143,144
14838,INVALID_LABOR_MINUTES,L0083,2025-06-11,100,414800,4381,,89,79
14854,DUPLICATE_KEY,L0083,2025-06-27,135,292005,11997,540,127,114
14855,DUPLICATE_KEY,L0083,2025-06-27,135,292005,11997,540,127,114
14921,REFUND_EXCEEDS_GROSS,L0084,2025-03-05,118,392940,392941,708,114,104
14936,DUPLICATE_KEY,L0084,2025-03-21,174,463536,20191,870,149,137
14937,DUPLICATE_KEY,L0084,2025-03-21,174,463536,20191,870,149,137
14981,UNKNOWN_LOCATION|UNEXPECTED_LOCATION_DATE|DUPLICATE_KEY,UNKNOWN,2025-05-04,171,664335,30878,684,150,136
15008,DUPLICATE_KEY,L0084,2025-05-31,149,491104,18291,447,146,129
15009,DUPLICATE_KEY,L0084,2025-05-31,149,491104,18291,447,146,129
15081,ON_TIME_EXCEEDS_COMPLETED,L0085,2025-02-14,157,283856,11341,471,145,146
15091,INVALID_GROSS_CENTS,L0085,2025-02-24,178,-100,17742,534,174,148
15093,REFUND_EXCEEDS_GROSS,L0085,2025-02-26,200,779400,779401,1000,187,159
15147,UNKNOWN_LOCATION|UNEXPECTED_LOCATION_DATE,UNKNOWN,2025-04-21,210,533400,9524,630,201,185
15209,DUPLICATE_KEY,L0085,2025-06-23,167,601200,29956,1169,143,126
15210,DUPLICATE_KEY,L0085,2025-06-23,167,601200,29956,1169,143,126
15363,DUPLICATE_KEY,L0086,2025-05-31,290,1018480,21418,2030,253,232
15364,DUPLICATE_KEY,L0086,2025-05-31,290,1018480,21418,2030,253,232
15465,ON_TIME_EXCEEDS_COMPLETED,L0087,2025-03-18,84,348432,15663,252,83,84
15473,UNKNOWN_LOCATION|UNEXPECTED_LOCATION_DATE,UNKNOWN,2025-03-26,105,236145,3657,315,94,92
15475,REFUND_EXCEEDS_GROSS,L0087,2025-03-28,80,146720,146721,240,77,66
15516,REFUND_EXCEEDS_GROSS,L0087,2025-05-08,96,265440,265441,672,95,93
15523,DUPLICATE_KEY,L0087,2025-05-15,99,419166,10986,297,93,90
15524,DUPLICATE_KEY,L0087,2025-05-15,99,419166,10986,297,93,90
15526,INVALID_LABOR_MINUTES,L0087,2025-05-17,120,369480,5551,,114,104
15597,ON_TIME_EXCEEDS_COMPLETED,L0088,2025-01-29,185,385725,15148,555,178,179
15671,INVALID_GROSS_CENTS,L0088,2025-04-14,185,-100,6549,1295,159,150
15744,UNKNOWN_LOCATION|UNEXPECTED_LOCATION_DATE,UNKNOWN,2025-06-27,193,610459,27904,1351,183,163
15780,DUPLICATE_KEY,L0089,2025-02-03,189,744660,9509,567,160,152
15781,DUPLICATE_KEY,L0089,2025-02-03,189,744660,9509,567,160,152
15843,INVALID_GROSS_CENTS,L0089,2025-04-07,192,-100,21396,960,177,160
15906,ON_TIME_EXCEEDS_COMPLETED,L0089,2025-06-10,204,458592,19519,612,203,204
15945,INVALID_GROSS_CENTS,L0090,2025-01-22,188,-100,21152,564,180,166
16031,INVALID_LABOR_MINUTES,L0090,2025-04-18,201,707520,4090,,171,159
16073,REFUND_EXCEEDS_GROSS,L0090,2025-05-31,208,656240,656241,832,187,179
16147,REFUND_EXCEEDS_GROSS,L0091,2025-02-16,141,347283,347284,705,131,113
16155,DUPLICATE_KEY,L0091,2025-02-24,85,319175,3341,510,75,69
16156,DUPLICATE_KEY,L0091,2025-02-24,85,319175,3341,510,75,69
16226,INVALID_GROSS_CENTS,L0091,2025-05-07,104,-100,3930,312,100,85
16245,UNKNOWN_LOCATION|UNEXPECTED_LOCATION_DATE,UNKNOWN,2025-05-26,97,229696,2075,679,87,79
16336,DUPLICATE_KEY,L0092,2025-02-26,111,489621,8123,777,98,88
16337,DUPLICATE_KEY,L0092,2025-02-26,111,489621,8123,777,98,88
16350,INVALID_GROSS_CENTS,L0092,2025-03-12,138,-100,7165,414,119,108
16398,DUPLICATE_KEY,L0092,2025-04-29,139,506933,9577,556,129,118
16399,DUPLICATE_KEY,L0092,2025-04-29,139,506933,9577,556,129,118
16402,INVALID_GROSS_CENTS,L0092,2025-05-02,131,-100,20281,917,124,108
16403,DUPLICATE_KEY,L0092,2025-05-03,134,410174,18994,804,133,131
16404,DUPLICATE_KEY,L0092,2025-05-03,134,410174,18994,804,133,131
16439,DUPLICATE_KEY,L0092,2025-06-08,126,378504,16992,882,125,110
16440,DUPLICATE_KEY,L0092,2025-06-08,126,378504,16992,882,125,110
16444,UNKNOWN_LOCATION|UNEXPECTED_LOCATION_DATE|DUPLICATE_KEY,UNKNOWN,2025-06-12,143,391248,7610,572,133,117
16563,ON_TIME_EXCEEDS_COMPLETED,L0093,2025-04-13,142,256310,7087,994,135,136
16598,UNKNOWN_LOCATION|UNEXPECTED_LOCATION_DATE,UNKNOWN,2025-05-20,159,712479,14891,636,151,129
16616,INVALID_LABOR_MINUTES,L0093,2025-06-07,184,727536,15314,,163,157
16639,DUPLICATE_KEY,L0094,2025-01-02,188,679996,20670,564,178,162
16640,DUPLICATE_KEY,L0094,2025-01-02,188,679996,20670,564,178,162
16648,INVALID_LABOR_MINUTES,L0094,2025-01-10,198,816156,19915,,171,164
16806,INVALID_GROSS_CENTS,L0094,2025-06-18,215,-100,30465,1290,198,169
16847,DUPLICATE_KEY,L0095,2025-01-30,227,638551,5822,908,224,221
16848,DUPLICATE_KEY,L0095,2025-01-30,227,638551,5822,908,224,221
16870,DUPLICATE_KEY,L0095,2025-02-21,196,530572,11104,1176,190,185
16871,DUPLICATE_KEY,L0095,2025-02-21,196,530572,11104,1176,190,185
16910,DUPLICATE_KEY,L0095,2025-04-02,192,856896,10051,576,165,145
16911,DUPLICATE_KEY,L0095,2025-04-02,192,856896,10051,576,165,145
16915,DUPLICATE_KEY,L0095,2025-04-06,190,841320,19078,570,164,157
16916,DUPLICATE_KEY,L0095,2025-04-06,190,841320,19078,570,164,157
16950,DUPLICATE_KEY,L0095,2025-05-10,189,483084,12307,945,186,164
16951,DUPLICATE_KEY,L0095,2025-05-10,189,483084,12307,945,186,164
17002,INVALID_LABOR_MINUTES,L0096,2025-01-02,193,418617,7379,,166,143
17034,INVALID_GROSS_CENTS,L0096,2025-02-05,218,-100,8917,1526,208,205
17049,DUPLICATE_KEY,L0096,2025-02-20,230,687470,28353,920,218,205
17050,DUPLICATE_KEY,L0096,2025-02-20,230,687470,28353,920,218,205
17069,INVALID_GROSS_CENTS,L0096,2025-03-11,206,-100,19641,618,199,179
17095,INVALID_LABOR_MINUTES,L0096,2025-04-07,199,556006,17327,,191,183
17225,DUPLICATE_KEY,L0097,2025-02-16,267,742260,8440,1869,258,245
17226,DUPLICATE_KEY,L0097,2025-02-16,267,742260,8440,1869,258,245
17265,UNKNOWN_LOCATION|UNEXPECTED_LOCATION_DATE|DUPLICATE_KEY,UNKNOWN,2025-03-27,220,722040,14299,1320,198,176
17269,INVALID_LABOR_MINUTES,L0097,2025-03-31,164,657476,8719,,149,131
17278,ON_TIME_EXCEEDS_COMPLETED,L0097,2025-04-09,208,877552,37107,624,188,189
17286,DUPLICATE_KEY,L0097,2025-04-17,220,964480,38344,660,188,182
17287,DUPLICATE_KEY,L0097,2025-04-17,220,964480,38344,660,188,182
17288,UNKNOWN_LOCATION|UNEXPECTED_LOCATION_DATE,UNKNOWN,2025-04-18,224,579264,13539,1120,195,182
17337,ON_TIME_EXCEEDS_COMPLETED,L0097,2025-06-06,234,1038492,20673,936,225,226
17379,DUPLICATE_KEY,L0098,2025-01-19,155,299615,13908,620,138,118
17380,DUPLICATE_KEY,L0098,2025-01-19,155,299615,13908,620,138,118
17384,REFUND_EXCEEDS_GROSS,L0098,2025-01-23,126,502488,502489,882,120,107
17398,INVALID_LABOR_MINUTES,L0098,2025-02-06,119,485639,10144,,104,93
17410,ON_TIME_EXCEEDS_COMPLETED,L0098,2025-02-18,152,308104,9799,456,140,141
17441,DUPLICATE_KEY,L0098,2025-03-21,153,485163,10082,1071,147,129
17442,DUPLICATE_KEY,L0098,2025-03-21,153,485163,10082,1071,147,129
17509,DUPLICATE_KEY,L0098,2025-05-27,166,655534,22360,830,144,124
17510,DUPLICATE_KEY,L0098,2025-05-27,166,655534,22360,830,144,124
17536,ON_TIME_EXCEEDS_COMPLETED,L0098,2025-06-22,155,469495,22703,620,145,146
17596,REFUND_EXCEEDS_GROSS,L0099,2025-02-23,138,385986,385987,552,123,107
17630,REFUND_EXCEEDS_GROSS,L0099,2025-03-29,156,376272,376273,1092,151,149
17645,UNKNOWN_LOCATION|UNEXPECTED_LOCATION_DATE|DUPLICATE_KEY,UNKNOWN,2025-04-13,148,416620,9077,740,125,116
17680,INVALID_GROSS_CENTS,L0099,2025-05-18,183,-100,14786,1098,157,144
17710,DUPLICATE_KEY,L0099,2025-06-18,144,451296,20821,720,127,121
17711,DUPLICATE_KEY,L0099,2025-06-18,144,451296,20821,720,127,121
17728,DUPLICATE_KEY,L0100,2025-01-07,236,439432,17923,1416,203,182
17729,DUPLICATE_KEY,L0100,2025-01-07,236,439432,17923,1416,203,182
17748,DUPLICATE_KEY,L0100,2025-01-26,270,542160,11418,1620,261,248
17749,DUPLICATE_KEY,L0100,2025-01-26,270,542160,11418,1620,261,248
17761,ON_TIME_EXCEEDS_COMPLETED,L0100,2025-02-08,280,978880,24641,1400,278,279
17765,INVALID_LABOR_MINUTES,L0100,2025-02-13,196,482944,2451,,172,168
17810,INVALID_LABOR_MINUTES,L0100,2025-03-31,189,417879,8886,,177,167
17855,INVALID_LABOR_MINUTES,L0100,2025-05-16,223,654282,12033,,201,190
17869,ON_TIME_EXCEEDS_COMPLETED,L0100,2025-05-30,221,517361,2927,663,219,220
17890,DUPLICATE_KEY,L0100,2025-06-21,247,794599,8089,1729,216,194
17891,DUPLICATE_KEY,L0100,2025-06-21,247,794599,8089,1729,216,194
17899,INVALID_LABOR_MINUTES,L0100,2025-06-29,260,521040,10462,,234,225
17944,ON_TIME_EXCEEDS_COMPLETED,L0101,2025-02-14,97,320682,7482,291,89,90
18019,DUPLICATE_KEY,L0101,2025-04-30,132,366564,13569,660,113,97
18020,DUPLICATE_KEY,L0101,2025-04-30,132,366564,13569,660,113,97
18073,INVALID_LABOR_MINUTES,L0101,2025-06-22,160,368000,14412,,139,121
18094,REFUND_EXCEEDS_GROSS,L0102,2025-01-14,71,228336,228337,497,60,54
18117,ON_TIME_EXCEEDS_COMPLETED,L0102,2025-02-06,80,249120,6458,240,68,69
18161,DUPLICATE_KEY,L0102,2025-03-22,78,317850,12259,312,68,63
18162,DUPLICATE_KEY,L0102,2025-03-22,78,317850,12259,312,68,63
18220,INVALID_GROSS_CENTS,L0102,2025-05-21,93,-100,12621,651,88,78
18410,UNKNOWN_LOCATION|UNEXPECTED_LOCATION_DATE|DUPLICATE_KEY,UNKNOWN,2025-05-31,128,454656,7377,896,111,101
18471,UNKNOWN_LOCATION|UNEXPECTED_LOCATION_DATE|DUPLICATE_KEY,UNKNOWN,2025-02-03,76,203908,8470,304,72,70
18487,INVALID_GROSS_CENTS,L0104,2025-02-19,71,-100,1750,355,68,60
18504,DUPLICATE_KEY,L0104,2025-03-08,105,251580,3565,735,93,89
18505,DUPLICATE_KEY,L0104,2025-03-08,105,251580,3565,735,93,89
18562,ON_TIME_EXCEEDS_COMPLETED,L0104,2025-05-04,74,241462,1474,370,69,70
18614,ON_TIME_EXCEEDS_COMPLETED,L0104,2025-06-25,79,187230,8664,395,75,76
18692,UNKNOWN_LOCATION|UNEXPECTED_LOCATION_DATE|DUPLICATE_KEY,UNKNOWN,2025-03-16,154,455224,19054,1078,142,133
18748,DUPLICATE_KEY,L0105,2025-05-11,158,709894,34437,790,156,139
18749,DUPLICATE_KEY,L0105,2025-05-11,158,709894,34437,790,156,139
18805,INVALID_GROSS_CENTS,L0106,2025-01-09,86,-100,3119,516,83,79
18820,INVALID_GROSS_CENTS,L0106,2025-01-25,142,-100,11000,426,130,127
18915,REFUND_EXCEEDS_GROSS,L0106,2025-05-02,111,285159,285160,777,100,95
19028,INVALID_GROSS_CENTS,L0107,2025-02-25,68,-100,7791,340,59,51
19042,ON_TIME_EXCEEDS_COMPLETED,L0107,2025-03-11,58,114666,3425,348,52,53
19124,INVALID_LABOR_MINUTES,L0107,2025-06-01,86,216204,6308,,81,80
19143,UNKNOWN_LOCATION|UNEXPECTED_LOCATION_DATE|DUPLICATE_KEY,UNKNOWN,2025-06-20,55,205535,4711,385,50,48
19153,DUPLICATE_KEY,L0108,2025-01-01,88,199232,6060,616,74,65
19154,DUPLICATE_KEY,L0108,2025-01-01,88,199232,6060,616,74,65
19268,INVALID_GROSS_CENTS|DUPLICATE_KEY,L0108,2025-04-27,111,-100,3771,444,110,101
19269,INVALID_GROSS_CENTS|DUPLICATE_KEY,L0108,2025-04-27,111,-100,3771,444,110,101
19272,DUPLICATE_KEY,L0108,2025-04-30,84,323148,12734,252,82,73
19273,DUPLICATE_KEY,L0108,2025-04-30,84,323148,12734,252,82,73
19366,INVALID_LABOR_MINUTES,L0109,2025-02-03,228,978804,8225,,203,178
19421,REFUND_EXCEEDS_GROSS,L0109,2025-03-30,213,805992,805993,852,195,181
19482,INVALID_LABOR_MINUTES,L0109,2025-05-31,267,668034,4344,,263,254
19555,UNKNOWN_LOCATION|UNEXPECTED_LOCATION_DATE|DUPLICATE_KEY,UNKNOWN,2025-02-14,142,529802,14480,852,133,115
19685,ON_TIME_EXCEEDS_COMPLETED,L0110,2025-06-25,186,768552,24048,930,166,167
19781,REFUND_EXCEEDS_GROSS,L0111,2025-04-03,85,301155,301156,510,84,81
19785,INVALID_LABOR_MINUTES,L0111,2025-04-07,98,212072,3730,,89,85
19818,REFUND_EXCEEDS_GROSS,L0111,2025-05-10,93,179490,179491,558,90,79
19851,INVALID_GROSS_CENTS,L0111,2025-06-12,75,-100,9035,225,70,66
19859,DUPLICATE_KEY,L0111,2025-06-20,94,197870,2446,564,91,85
19860,DUPLICATE_KEY,L0111,2025-06-20,94,197870,2446,564,91,85
19868,REFUND_EXCEEDS_GROSS,L0111,2025-06-28,101,429654,429655,606,94,83
19876,UNKNOWN_LOCATION|UNEXPECTED_LOCATION_DATE,UNKNOWN,2025-01-07,112,343728,16431,560,101,96
19991,UNKNOWN_LOCATION|UNEXPECTED_LOCATION_DATE|DUPLICATE_KEY,UNKNOWN,2025-05-04,109,460089,4292,327,107,99
20029,DUPLICATE_KEY,L0112,2025-06-14,117,428688,13334,351,99,85
20030,DUPLICATE_KEY,L0112,2025-06-14,117,428688,13334,351,99,85
20071,INVALID_GROSS_CENTS,L0113,2025-01-29,207,-100,29209,1035,185,182
20081,INVALID_LABOR_MINUTES,L0113,2025-02-08,276,897276,24861,,264,260
20128,UNKNOWN_LOCATION|UNEXPECTED_LOCATION_DATE|DUPLICATE_KEY,UNKNOWN,2025-03-27,179,588731,13154,1074,169,148
20146,ON_TIME_EXCEEDS_COMPLETED,L0113,2025-04-14,210,934080,21773,630,206,207
20155,INVALID_GROSS_CENTS,L0113,2025-04-23,208,-100,7905,1040,196,173
20161,DUPLICATE_KEY,L0113,2025-04-29,220,793100,13935,1540,190,168
20162,DUPLICATE_KEY,L0113,2025-04-29,220,793100,13935,1540,190,168
20238,DUPLICATE_KEY,L0114,2025-01-15,73,220606,8304,292,66,64
20239,DUPLICATE_KEY,L0114,2025-01-15,73,220606,8304,292,66,64
20249,UNKNOWN_LOCATION|UNEXPECTED_LOCATION_DATE,UNKNOWN,2025-01-26,124,326988,5436,372,112,96
20260,DUPLICATE_KEY,L0114,2025-02-06,86,307192,8351,602,81,79
20261,DUPLICATE_KEY,L0114,2025-02-06,86,307192,8351,602,81,79
20267,DUPLICATE_KEY,L0114,2025-02-12,102,280602,11691,510,91,79
20268,DUPLICATE_KEY,L0114,2025-02-12,102,280602,11691,510,91,79
20291,REFUND_EXCEEDS_GROSS,L0114,2025-03-07,81,150093,150094,486,72,62
20298,DUPLICATE_KEY,L0114,2025-03-14,95,338010,4445,475,83,75
20299,DUPLICATE_KEY,L0114,2025-03-14,95,338010,4445,475,83,75
20322,REFUND_EXCEEDS_GROSS,L0114,2025-04-06,119,525861,525862,595,109,99
20350,DUPLICATE_KEY,L0114,2025-05-04,125,328625,11901,500,122,114
20351,DUPLICATE_KEY,L0114,2025-05-04,125,328625,11901,500,122,114
20384,REFUND_EXCEEDS_GROSS,L0114,2025-06-06,92,169556,169557,644,90,89
20385,ON_TIME_EXCEEDS_COMPLETED,L0114,2025-06-07,124,379812,6912,868,105,106
20490,DUPLICATE_KEY,L0115,2025-03-26,147,635040,16365,882,138,121
20491,DUPLICATE_KEY,L0115,2025-03-26,147,635040,16365,882,138,121
20558,INVALID_GROSS_CENTS,L0115,2025-06-02,181,-100,11619,724,180,157
20577,ON_TIME_EXCEEDS_COMPLETED,L0115,2025-06-21,218,574866,26110,654,191,192
20578,DUPLICATE_KEY,L0115,2025-06-22,204,654840,9574,1224,173,152
20579,DUPLICATE_KEY,L0115,2025-06-22,204,654840,9574,1224,173,152
20605,DUPLICATE_KEY,L0116,2025-01-19,254,1030224,36651,1778,221,214
20606,DUPLICATE_KEY,L0116,2025-01-19,254,1030224,36651,1778,221,214
20652,DUPLICATE_KEY,L0116,2025-03-06,246,458298,11678,984,233,203
20653,DUPLICATE_KEY,L0116,2025-03-06,246,458298,11678,984,233,203
20676,DUPLICATE_KEY,L0116,2025-03-31,203,639856,27556,609,201,178
20677,DUPLICATE_KEY,L0116,2025-03-31,203,639856,27556,609,201,178
20683,INVALID_LABOR_MINUTES,L0116,2025-04-07,243,523908,25994,,234,216
20739,INVALID_GROSS_CENTS,L0116,2025-06-02,226,-100,20122,1582,224,191
20802,INVALID_LABOR_MINUTES,L0117,2025-02-05,193,561244,3267,,178,170
20856,UNKNOWN_LOCATION|UNEXPECTED_LOCATION_DATE,UNKNOWN,2025-03-31,175,499450,9744,1225,165,161
20868,DUPLICATE_KEY,L0117,2025-04-12,252,518112,24746,1512,228,195
20869,DUPLICATE_KEY,L0117,2025-04-12,252,518112,24746,1512,228,195
20951,INVALID_GROSS_CENTS,L0118,2025-01-05,62,-100,4879,248,57,54
20976,DUPLICATE_KEY,L0118,2025-01-30,44,138380,6603,308,40,37
20977,DUPLICATE_KEY,L0118,2025-01-30,44,138380,6603,308,40,37
21070,ON_TIME_EXCEEDS_COMPLETED,L0118,2025-05-03,69,209139,3756,276,59,60
21101,UNKNOWN_LOCATION|UNEXPECTED_LOCATION_DATE|DUPLICATE_KEY,UNKNOWN,2025-06-05,45,90900,1771,225,40,36
21183,INVALID_GROSS_CENTS,L0119,2025-02-28,58,-100,6164,290,57,49
21211,DUPLICATE_KEY,L0119,2025-03-28,53,185924,2043,159,51,45
21212,DUPLICATE_KEY,L0119,2025-03-28,53,185924,2043,159,51,45
21272,ON_TIME_EXCEEDS_COMPLETED,L0119,2025-05-29,57,244416,11158,285,49,50
21377,UNKNOWN_LOCATION|UNEXPECTED_LOCATION_DATE,UNKNOWN,2025-03-17,82,312584,12030,574,74,63
21388,DUPLICATE_KEY,L0120,2025-03-28,89,217338,7543,534,78,70
21389,DUPLICATE_KEY,L0120,2025-03-28,89,217338,7543,534,78,70
21437,INVALID_LABOR_MINUTES,L0120,2025-05-15,72,265392,12520,,68,60
21618,DUPLICATE_KEY,L0121,2025-05-17,204,502860,11941,1224,178,153
21619,DUPLICATE_KEY,L0121,2025-05-17,204,502860,11941,1224,178,153
21635,UNKNOWN_LOCATION|UNEXPECTED_LOCATION_DATE|DUPLICATE_KEY,UNKNOWN,2025-06-02,233,528910,5060,699,207,195
21702,REFUND_EXCEEDS_GROSS,L0122,2025-02-10,81,153252,153253,486,78,72
21718,INVALID_GROSS_CENTS,L0122,2025-02-27,84,-100,6508,420,78,72
21745,DUPLICATE_KEY,L0122,2025-03-26,94,359080,12869,470,92,83
21746,DUPLICATE_KEY,L0122,2025-03-26,94,359080,12869,470,92,83
21753,INVALID_GROSS_CENTS,L0122,2025-04-02,100,-100,17462,300,95,90
21874,REFUND_EXCEEDS_GROSS,L0123,2025-02-02,143,480766,480767,1001,124,114
21950,DUPLICATE_KEY,L0123,2025-04-21,128,402048,16236,640,114,112
21951,DUPLICATE_KEY,L0123,2025-04-21,128,402048,16236,640,114,112
22095,DUPLICATE_KEY,L0124,2025-03-19,43,185545,2217,215,39,38
22096,DUPLICATE_KEY,L0124,2025-03-19,43,185545,2217,215,39,38
22105,ON_TIME_EXCEEDS_COMPLETED,L0124,2025-03-28,57,226575,2419,285,49,50
22116,INVALID_GROSS_CENTS,L0124,2025-04-08,47,-100,4990,188,44,41
22192,UNKNOWN_LOCATION|UNEXPECTED_LOCATION_DATE|DUPLICATE_KEY,UNKNOWN,2025-06-24,47,206612,9731,235,46,43
22281,INVALID_LABOR_MINUTES,L0125,2025-03-26,184,544272,3685,,171,169
22308,DUPLICATE_KEY,L0125,2025-04-22,225,748575,30855,1125,203,194
22309,DUPLICATE_KEY,L0125,2025-04-22,225,748575,30855,1125,203,194
22336,INVALID_LABOR_MINUTES,L0125,2025-05-19,186,428358,19536,,177,153
22484,DUPLICATE_KEY,L0126,2025-04-20,144,549216,15555,864,135,117
22485,DUPLICATE_KEY,L0126,2025-04-20,144,549216,15555,864,135,117
22490,DUPLICATE_KEY,L0126,2025-04-25,123,326565,16268,492,110,107
22491,DUPLICATE_KEY,L0126,2025-04-25,123,326565,16268,492,110,107
22544,DUPLICATE_KEY,L0126,2025-06-20,126,268254,13190,504,114,110
22545,DUPLICATE_KEY,L0126,2025-06-20,126,268254,13190,504,114,110
22566,UNKNOWN_LOCATION|UNEXPECTED_LOCATION_DATE|DUPLICATE_KEY,UNKNOWN,2025-01-13,198,446094,12459,1188,177,171
22567,UNKNOWN_LOCATION|UNEXPECTED_LOCATION_DATE,UNKNOWN,2025-01-14,158,544784,19570,1106,150,135
22574,UNKNOWN_LOCATION|UNEXPECTED_LOCATION_DATE,UNKNOWN,2025-01-21,157,450590,7957,942,133,128
22587,INVALID_LABOR_MINUTES,L0127,2025-02-03,179,358537,9712,,177,163
22593,INVALID_GROSS_CENTS,L0127,2025-02-09,195,-100,10144,585,165,148
22622,UNKNOWN_LOCATION|UNEXPECTED_LOCATION_DATE|DUPLICATE_KEY,UNKNOWN,2025-03-11,164,550220,12986,984,152,131
22635,INVALID_LABOR_MINUTES,L0127,2025-03-24,195,392925,13851,,187,170
22673,DUPLICATE_KEY,L0127,2025-05-01,178,751160,9629,534,152,132
22674,DUPLICATE_KEY,L0127,2025-05-01,178,751160,9629,534,152,132
22701,DUPLICATE_KEY,L0127,2025-05-28,153,427176,5745,765,152,140
22702,DUPLICATE_KEY,L0127,2025-05-28,153,427176,5745,765,152,140
22713,DUPLICATE_KEY,L0127,2025-06-09,216,809352,15249,648,197,176
22714,DUPLICATE_KEY,L0127,2025-06-09,216,809352,15249,648,197,176
22887,UNKNOWN_LOCATION|UNEXPECTED_LOCATION_DATE,UNKNOWN,2025-06-03,173,691654,34047,519,155,140
22913,DUPLICATE_KEY,L0129,2025-01-01,160,597920,17330,800,137,121
22914,DUPLICATE_KEY,L0129,2025-01-01,160,597920,17330,800,137,121
22961,UNKNOWN_LOCATION|UNEXPECTED_LOCATION_DATE|DUPLICATE_KEY,UNKNOWN,2025-02-18,163,574738,5481,489,162,151
22978,DUPLICATE_KEY,L0129,2025-03-07,184,677856,29198,1104,167,143
22979,DUPLICATE_KEY,L0129,2025-03-07,184,677856,29198,1104,167,143
22980,UNKNOWN_LOCATION|UNEXPECTED_LOCATION_DATE|DUPLICATE_KEY,UNKNOWN,2025-03-08,243,512973,5509,1215,229,199
22989,DUPLICATE_KEY,L0129,2025-03-17,155,308140,9203,620,151,133
22990,DUPLICATE_KEY,L0129,2025-03-17,155,308140,9203,620,151,133
23015,REFUND_EXCEEDS_GROSS,L0129,2025-04-11,155,426715,426716,1085,145,125
23088,ON_TIME_EXCEEDS_COMPLETED,L0129,2025-06-25,147,273567,3635,441,136,137
23107,REFUND_EXCEEDS_GROSS,L0130,2025-01-15,125,384500,384501,500,114,108
23109,UNKNOWN_LOCATION|UNEXPECTED_LOCATION_DATE,UNKNOWN,2025-01-17,107,322177,11794,749,105,93
23125,DUPLICATE_KEY,L0130,2025-02-02,136,245480,5403,408,128,121
23126,DUPLICATE_KEY,L0130,2025-02-02,136,245480,5403,408,128,121
23135,DUPLICATE_KEY,L0130,2025-02-11,103,241226,8448,309,98,91
23136,DUPLICATE_KEY,L0130,2025-02-11,103,241226,8448,309,98,91
23165,REFUND_EXCEEDS_GROSS,L0130,2025-03-12,137,538821,538822,411,121,113
23168,INVALID_LABOR_MINUTES,L0130,2025-03-15,171,618507,18271,,164,149
23193,UNKNOWN_LOCATION|UNEXPECTED_LOCATION_DATE,UNKNOWN,2025-04-11,134,438716,16075,670,132,129
23205,REFUND_EXCEEDS_GROSS,L0130,2025-04-23,108,291060,291061,432,100,92
23248,ON_TIME_EXCEEDS_COMPLETED,L0130,2025-06-05,102,286110,5153,510,89,90
23262,REFUND_EXCEEDS_GROSS,L0130,2025-06-19,124,354516,354517,620,116,113
23289,ON_TIME_EXCEEDS_COMPLETED,L0131,2025-01-17,153,619344,30354,1071,131,132
23316,UNKNOWN_LOCATION|UNEXPECTED_LOCATION_DATE|DUPLICATE_KEY,UNKNOWN,2025-02-13,165,595320,18074,495,162,149
23347,INVALID_GROSS_CENTS,L0131,2025-03-16,229,-100,21552,916,224,220
23503,UNKNOWN_LOCATION|UNEXPECTED_LOCATION_DATE|DUPLICATE_KEY,UNKNOWN,2025-02-22,235,944465,33667,940,214,210
23550,REFUND_EXCEEDS_GROSS|DUPLICATE_KEY,L0132,2025-04-10,143,320749,320750,858,128,121
23551,REFUND_EXCEEDS_GROSS|DUPLICATE_KEY,L0132,2025-04-10,143,320749,320750,858,128,121
23610,UNKNOWN_LOCATION|UNEXPECTED_LOCATION_DATE|DUPLICATE_KEY,UNKNOWN,2025-06-09,197,869164,37349,591,190,168
23611,UNKNOWN_LOCATION|UNEXPECTED_LOCATION_DATE|DUPLICATE_KEY,UNKNOWN,2025-06-09,197,869164,37349,591,190,168
23617,DUPLICATE_KEY,L0132,2025-06-15,162,543996,19975,486,145,127
23618,DUPLICATE_KEY,L0132,2025-06-15,162,543996,19975,486,145,127
23655,DUPLICATE_KEY,L0133,2025-01-23,164,625496,26717,656,146,138
23656,DUPLICATE_KEY,L0133,2025-01-23,164,625496,26717,656,146,138
23721,ON_TIME_EXCEEDS_COMPLETED,L0133,2025-03-30,249,546057,10779,1743,227,228
23726,REFUND_EXCEEDS_GROSS,L0133,2025-04-04,201,685209,685210,1407,190,183
23780,REFUND_EXCEEDS_GROSS,L0133,2025-05-29,183,527223,527224,915,174,154
23824,INVALID_LABOR_MINUTES,L0134,2025-01-15,48,174240,7992,,42,39
23854,REFUND_EXCEEDS_GROSS,L0134,2025-02-14,58,148074,148075,348,57,56
23877,INVALID_GROSS_CENTS,L0134,2025-03-09,54,-100,1102,378,51,48
23878,ON_TIME_EXCEEDS_COMPLETED,L0134,2025-03-10,52,122200,5178,156,47,48
23964,INVALID_LABOR_MINUTES,L0134,2025-06-05,45,117135,4560,,40,35
23986,INVALID_GROSS_CENTS,L0134,2025-06-27,54,-100,1884,162,49,46
23998,INVALID_LABOR_MINUTES,L0135,2025-01-10,174,611784,22077,,153,144
24030,DUPLICATE_KEY,L0135,2025-02-11,195,596700,9139,1365,190,162
24031,DUPLICATE_KEY,L0135,2025-02-11,195,596700,9139,1365,190,162
24065,ON_TIME_EXCEEDS_COMPLETED,L0135,2025-03-17,146,297256,13359,730,132,133
24214,INVALID_LABOR_MINUTES,L0136,2025-02-15,280,1183000,32849,,277,255
24379,INVALID_LABOR_MINUTES,L0137,2025-01-31,161,486381,13759,,149,131
24395,DUPLICATE_KEY,L0137,2025-02-16,229,980807,19766,1603,225,211
24396,DUPLICATE_KEY,L0137,2025-02-16,229,980807,19766,1603,225,211
24429,DUPLICATE_KEY,L0137,2025-03-21,162,687204,15488,1134,153,142
24430,DUPLICATE_KEY,L0137,2025-03-21,162,687204,15488,1134,153,142
24453,UNKNOWN_LOCATION|UNEXPECTED_LOCATION_DATE|DUPLICATE_KEY,UNKNOWN,2025-04-13,245,1068445,18508,1715,241,214
24559,UNKNOWN_LOCATION|UNEXPECTED_LOCATION_DATE,UNKNOWN,2025-01-30,165,643500,8612,660,144,130
24564,DUPLICATE_KEY,L0138,2025-02-04,245,716625,8146,1715,214,200
24565,DUPLICATE_KEY,L0138,2025-02-04,245,716625,8146,1715,214,200
24726,UNKNOWN_LOCATION|UNEXPECTED_LOCATION_DATE|DUPLICATE_KEY,UNKNOWN,2025-01-19,212,503712,22612,636,198,173
24742,UNKNOWN_LOCATION|UNEXPECTED_LOCATION_DATE,UNKNOWN,2025-02-04,197,433597,19737,1182,185,180
24749,DUPLICATE_KEY,L0139,2025-02-11,141,599673,25473,564,122,114
24750,DUPLICATE_KEY,L0139,2025-02-11,141,599673,25473,564,122,114
24770,ON_TIME_EXCEEDS_COMPLETED,L0139,2025-03-03,169,677014,11745,676,163,164
24848,INVALID_LABOR_MINUTES,L0139,2025-05-21,152,643568,29001,,143,122
24857,ON_TIME_EXCEEDS_COMPLETED,L0139,2025-05-31,236,982940,44014,708,227,228
24882,INVALID_LABOR_MINUTES,L0139,2025-06-25,197,370754,11966,,172,149
24985,UNKNOWN_LOCATION|UNEXPECTED_LOCATION_DATE|DUPLICATE_KEY,UNKNOWN,2025-04-10,133,291137,4778,532,118,102
25019,UNKNOWN_LOCATION|UNEXPECTED_LOCATION_DATE|DUPLICATE_KEY,UNKNOWN,2025-05-14,142,586602,28448,852,124,106
25090,INVALID_GROSS_CENTS,L0141,2025-01-25,61,-100,10179,183,57,56
25154,DUPLICATE_KEY,L0141,2025-03-31,61,207705,1919,427,57,49
25155,DUPLICATE_KEY,L0141,2025-03-31,61,207705,1919,427,57,49
25157,UNKNOWN_LOCATION|UNEXPECTED_LOCATION_DATE,UNKNOWN,2025-04-02,46,152490,2008,230,41,41
25236,INVALID_GROSS_CENTS,L0141,2025-06-22,57,-100,5070,228,50,48
25242,INVALID_LABOR_MINUTES|DUPLICATE_KEY,L0141,2025-06-28,73,146073,4207,,66,64
25243,INVALID_LABOR_MINUTES|DUPLICATE_KEY,L0141,2025-06-28,73,146073,4207,,66,64
25393,INVALID_LABOR_MINUTES,L0142,2025-05-31,52,155064,3209,,44,43
25428,UNKNOWN_LOCATION|UNEXPECTED_LOCATION_DATE|DUPLICATE_KEY,UNKNOWN,2025-01-06,152,449920,12996,608,139,134
25550,DUPLICATE_KEY,L0143,2025-05-10,242,1068430,27684,1694,235,225
25551,DUPLICATE_KEY,L0143,2025-05-10,242,1068430,27684,1694,235,225
25573,DUPLICATE_KEY,L0143,2025-06-02,153,292230,5895,612,137,129
25574,DUPLICATE_KEY,L0143,2025-06-02,153,292230,5895,612,137,129
25579,DUPLICATE_KEY,L0143,2025-06-07,223,453805,6029,669,195,181
25580,DUPLICATE_KEY,L0143,2025-06-07,223,453805,6029,669,195,181
25645,INVALID_GROSS_CENTS,L0144,2025-02-14,114,-100,3470,342,113,99
25758,DUPLICATE_KEY,L0144,2025-06-09,124,413292,19939,372,109,101
25759,DUPLICATE_KEY,L0144,2025-06-09,124,413292,19939,372,109,101
25805,DUPLICATE_KEY,L0145,2025-01-26,108,468396,23247,324,103,97
25806,DUPLICATE_KEY,L0145,2025-01-26,108,468396,23247,324,103,97
25879,DUPLICATE_KEY,L0145,2025-04-10,108,467100,18303,432,100,97
25880,DUPLICATE_KEY,L0145,2025-04-10,108,467100,18303,432,100,97
26012,UNKNOWN_LOCATION|UNEXPECTED_LOCATION_DATE|DUPLICATE_KEY,UNKNOWN,2025-02-22,75,195900,9075,450,70,62
26027,REFUND_EXCEEDS_GROSS,L0146,2025-03-09,71,263836,263837,213,63,61
26036,DUPLICATE_KEY,L0146,2025-03-18,59,140656,4857,295,51,49
26037,DUPLICATE_KEY,L0146,2025-03-18,59,140656,4857,295,51,49
26085,ON_TIME_EXCEEDS_COMPLETED,L0146,2025-05-05,69,199134,7799,414,68,69
26128,UNKNOWN_LOCATION|UNEXPECTED_LOCATION_DATE,UNKNOWN,2025-06-17,66,254628,9608,330,62,60
26140,INVALID_LABOR_MINUTES,L0146,2025-06-29,67,168572,5460,,58,49
26189,INVALID_LABOR_MINUTES,L0147,2025-02-19,61,265472,4763,,52,50
26202,REFUND_EXCEEDS_GROSS,L0147,2025-03-05,64,202048,202049,256,56,51
26255,INVALID_GROSS_CENTS,L0147,2025-04-27,79,-100,7992,316,71,64
26352,INVALID_GROSS_CENTS,L0148,2025-02-04,69,-100,9203,207,64,59
26411,ON_TIME_EXCEEDS_COMPLETED,L0148,2025-04-04,85,246925,8844,510,77,78
26437,REFUND_EXCEEDS_GROSS,L0148,2025-05-01,73,323682,323683,365,62,54
26446,ON_TIME_EXCEEDS_COMPLETED,L0148,2025-05-10,106,472654,14719,318,95,96
26490,INVALID_LABOR_MINUTES,L0148,2025-06-23,69,274206,1743,,64,58
26534,INVALID_LABOR_MINUTES,L0149,2025-02-07,154,415338,15663,,142,124
26546,ON_TIME_EXCEEDS_COMPLETED,L0149,2025-02-19,140,539140,5220,560,129,130
26549,INVALID_LABOR_MINUTES,L0149,2025-02-22,182,751842,28297,,158,151
26670,INVALID_LABOR_MINUTES,L0149,2025-06-26,169,360139,13853,,157,137
26677,INVALID_GROSS_CENTS,L0150,2025-01-04,86,-100,2235,430,73,69
26706,DUPLICATE_KEY,L0150,2025-02-03,101,420766,10984,707,90,79
26707,DUPLICATE_KEY,L0150,2025-02-03,101,420766,10984,707,90,79
26762,DUPLICATE_KEY,L0150,2025-03-30,120,445320,18085,840,108,95
26763,DUPLICATE_KEY,L0150,2025-03-30,120,445320,18085,840,108,95
26790,ON_TIME_EXCEEDS_COMPLETED,L0150,2025-04-27,118,271282,7175,472,103,104
26796,ON_TIME_EXCEEDS_COMPLETED,L0150,2025-05-03,115,403995,17740,460,114,115
26853,REFUND_EXCEEDS_GROSS,L0150,2025-06-29,125,523000,523001,375,110,103
26960,INVALID_GROSS_CENTS,L0151,2025-04-18,64,-100,9998,192,56,48
26975,INVALID_LABOR_MINUTES,L0151,2025-05-03,87,290493,14031,,81,71
27028,DUPLICATE_KEY,L0151,2025-06-26,65,262470,9746,195,62,53
27029,DUPLICATE_KEY,L0151,2025-06-26,65,262470,9746,195,62,53
27090,UNKNOWN_LOCATION|UNEXPECTED_LOCATION_DATE|DUPLICATE_KEY,UNKNOWN,2025-02-27,64,216128,10580,256,61,54
27174,UNKNOWN_LOCATION|UNEXPECTED_LOCATION_DATE,UNKNOWN,2025-05-23,63,165627,4494,315,60,54
27204,INVALID_LABOR_MINUTES,L0152,2025-06-22,74,180042,4697,,66,57
27311,REFUND_EXCEEDS_GROSS,L0153,2025-04-13,162,419904,419905,810,142,139
27335,ON_TIME_EXCEEDS_COMPLETED,L0153,2025-05-07,149,500193,10327,596,127,128
27356,ON_TIME_EXCEEDS_COMPLETED,L0153,2025-05-28,125,333000,9769,375,119,120
27429,INVALID_LABOR_MINUTES,L0154,2025-02-12,208,694096,24571,,195,172
27619,INVALID_LABOR_MINUTES,L0155,2025-02-24,52,174512,5825,,48,42
27623,UNKNOWN_LOCATION|UNEXPECTED_LOCATION_DATE,UNKNOWN,2025-02-28,38,85652,2097,114,33,29
27774,DUPLICATE_KEY,L0156,2025-02-04,129,478977,11764,645,115,110
27775,DUPLICATE_KEY,L0156,2025-02-04,129,478977,11764,645,115,110
27876,INVALID_GROSS_CENTS,L0156,2025-05-17,164,-100,14138,656,139,128
27886,DUPLICATE_KEY,L0156,2025-05-27,128,528128,4937,384,109,100
27887,DUPLICATE_KEY,L0156,2025-05-27,128,528128,4937,384,109,100
27912,INVALID_LABOR_MINUTES,L0156,2025-06-21,165,424050,2316,,163,153
27942,REFUND_EXCEEDS_GROSS,L0157,2025-01-22,131,482211,482212,655,126,115
27950,DUPLICATE_KEY,L0157,2025-01-30,105,458325,17177,420,99,86
27951,DUPLICATE_KEY,L0157,2025-01-30,105,458325,17177,420,99,86
27981,ON_TIME_EXCEEDS_COMPLETED,L0157,2025-03-01,120,462720,21450,840,117,118
28043,REFUND_EXCEEDS_GROSS,L0157,2025-05-03,166,726748,726749,996,141,135
28090,ON_TIME_EXCEEDS_COMPLETED,L0157,2025-06-20,97,302640,14281,388,93,94
28119,DUPLICATE_KEY,L0158,2025-01-20,135,375840,3030,945,122,105
28120,DUPLICATE_KEY,L0158,2025-01-20,135,375840,3030,945,122,105
28167,REFUND_EXCEEDS_GROSS,L0158,2025-03-09,209,426987,426988,1463,188,172
28308,DUPLICATE_KEY,L0159,2025-01-30,166,583158,9678,664,156,133
28309,DUPLICATE_KEY,L0159,2025-01-30,166,583158,9678,664,156,133
28323,UNKNOWN_LOCATION|UNEXPECTED_LOCATION_DATE|DUPLICATE_KEY,UNKNOWN,2025-02-13,186,380556,13065,1116,177,163
28336,DUPLICATE_KEY,L0159,2025-02-26,183,692472,24420,915,166,143
28337,DUPLICATE_KEY,L0159,2025-02-26,183,692472,24420,915,166,143
28341,INVALID_GROSS_CENTS,L0159,2025-03-02,207,-100,22797,621,189,175
28418,ON_TIME_EXCEEDS_COMPLETED,L0159,2025-05-19,194,553482,17581,970,183,184
28464,UNKNOWN_LOCATION|UNEXPECTED_LOCATION_DATE|DUPLICATE_KEY,UNKNOWN,2025-01-06,158,527088,20920,948,138,119
28499,UNKNOWN_LOCATION|UNEXPECTED_LOCATION_DATE|DUPLICATE_KEY,UNKNOWN,2025-02-13,177,726585,34634,531,155,132
28625,UNKNOWN_LOCATION|UNEXPECTED_LOCATION_DATE,UNKNOWN,2025-06-19,155,295740,2073,775,136,120
28682,UNKNOWN_LOCATION|UNEXPECTED_LOCATION_DATE|DUPLICATE_KEY,UNKNOWN,2025-02-16,67,300428,4837,335,58,50
28716,DUPLICATE_KEY,L0161,2025-03-22,94,370454,2739,282,90,87
28717,DUPLICATE_KEY,L0161,2025-03-22,94,370454,2739,282,90,87
28754,INVALID_LABOR_MINUTES,L0161,2025-04-28,76,187948,7716,,69,64
28858,INVALID_GROSS_CENTS,L0162,2025-02-12,77,-100,1848,231,76,68
28867,INVALID_LABOR_MINUTES,L0162,2025-02-21,93,211017,10497,,87,85
28908,DUPLICATE_KEY,L0162,2025-04-04,80,345040,3379,240,75,69
28909,DUPLICATE_KEY,L0162,2025-04-04,80,345040,3379,240,75,69
28931,UNKNOWN_LOCATION|UNEXPECTED_LOCATION_DATE,UNKNOWN,2025-04-26,135,245970,9770,945,131,127
28978,REFUND_EXCEEDS_GROSS,L0162,2025-06-12,108,453384,453385,756,105,99
29091,INVALID_GROSS_CENTS,L0163,2025-04-10,46,-100,4935,276,41,38
29164,UNKNOWN_LOCATION|UNEXPECTED_LOCATION_DATE,UNKNOWN,2025-06-22,67,217482,3897,402,57,51
29174,INVALID_LABOR_MINUTES,L0164,2025-01-03,74,188552,2758,,71,65
29205,ON_TIME_EXCEEDS_COMPLETED,L0164,2025-02-03,88,282480,7267,352,76,77
29212,REFUND_EXCEEDS_GROSS,L0164,2025-02-10,83,233728,233729,332,73,64
29216,INVALID_LABOR_MINUTES,L0164,2025-02-14,77,264187,10671,,69,63
29255,REFUND_EXCEEDS_GROSS|DUPLICATE_KEY,L0164,2025-03-25,78,229944,229945,546,71,61
29256,REFUND_EXCEEDS_GROSS|DUPLICATE_KEY,L0164,2025-03-25,78,229944,229945,546,71,61
29264,INVALID_GROSS_CENTS,L0164,2025-04-02,74,-100,5239,222,71,69
29310,DUPLICATE_KEY,L0164,2025-05-18,74,211048,2384,222,68,63
29311,DUPLICATE_KEY,L0164,2025-05-18,74,211048,2384,222,68,63
29333,ON_TIME_EXCEEDS_COMPLETED,L0164,2025-06-11,78,165672,7590,234,69,70
29357,DUPLICATE_KEY,L0165,2025-01-06,164,545464,6739,1148,142,136
29358,DUPLICATE_KEY,L0165,2025-01-06,164,545464,6739,1148,142,136
29391,ON_TIME_EXCEEDS_COMPLETED,L0165,2025-02-09,190,755060,8056,760,187,188
29604,ON_TIME_EXCEEDS_COMPLETED,L0166,2025-03-16,144,288720,1947,864,141,142
29609,INVALID_GROSS_CENTS,L0166,2025-03-21,118,-100,10386,826,105,102
29668,INVALID_LABOR_MINUTES,L0166,2025-05-20,120,280920,13942,,111,103
29741,DUPLICATE_KEY,L0167,2025-02-02,237,684930,16444,711,210,201
29742,DUPLICATE_KEY,L0167,2025-02-02,237,684930,16444,711,210,201
29755,INVALID_LABOR_MINUTES,L0167,2025-02-15,196,566244,25495,,179,161
29831,INVALID_LABOR_MINUTES,L0167,2025-05-04,213,957648,43196,,192,166
29895,INVALID_LABOR_MINUTES,L0168,2025-01-10,111,238095,4389,,95,83
29912,INVALID_LABOR_MINUTES,L0168,2025-01-27,119,448392,13479,,117,114
29988,UNKNOWN_LOCATION|UNEXPECTED_LOCATION_DATE,UNKNOWN,2025-04-15,130,418730,15425,910,119,104
30070,UNKNOWN_LOCATION|UNEXPECTED_LOCATION_DATE,UNKNOWN,2025-01-09,171,704691,19706,855,167,160
30141,DUPLICATE_KEY,L0169,2025-03-22,277,976148,37709,831,246,229
30142,DUPLICATE_KEY,L0169,2025-03-22,277,976148,37709,831,246,229
30203,DUPLICATE_KEY,L0169,2025-05-24,231,796719,36286,1386,230,209
30204,DUPLICATE_KEY,L0169,2025-05-24,231,796719,36286,1386,230,209
30218,DUPLICATE_KEY,L0169,2025-06-08,231,856779,39915,693,218,195
30219,DUPLICATE_KEY,L0169,2025-06-08,231,856779,39915,693,218,195
30241,INVALID_GROSS_CENTS,L0170,2025-01-01,168,-100,3038,504,144,129
30270,REFUND_EXCEEDS_GROSS,L0170,2025-02-01,218,500310,500311,1090,215,211
30301,REFUND_EXCEEDS_GROSS,L0170,2025-03-04,166,392424,392425,830,145,139
30329,DUPLICATE_KEY,L0170,2025-04-04,183,535458,15659,915,170,164
30330,DUPLICATE_KEY,L0170,2025-04-04,183,535458,15659,915,170,164
30403,ON_TIME_EXCEEDS_COMPLETED,L0170,2025-06-18,172,639496,14319,1204,168,169
30464,ON_TIME_EXCEEDS_COMPLETED,L0171,2025-02-20,63,243558,10851,378,61,62
30476,INVALID_LABOR_MINUTES,L0171,2025-03-05,64,186368,3059,,57,53
30577,DUPLICATE_KEY,L0171,2025-06-15,86,197198,3328,258,76,75
30578,DUPLICATE_KEY,L0171,2025-06-15,86,197198,3328,258,76,75
30581,INVALID_LABOR_MINUTES,L0171,2025-06-18,69,300564,13629,,62,61
30606,DUPLICATE_KEY,L0172,2025-01-14,168,335328,11859,1176,165,148
30607,DUPLICATE_KEY,L0172,2025-01-14,168,335328,11859,1176,165,148
30650,DUPLICATE_KEY,L0172,2025-02-27,178,606980,7853,534,168,160
30651,DUPLICATE_KEY,L0172,2025-02-27,178,606980,7853,534,168,160
30670,INVALID_LABOR_MINUTES,L0172,2025-03-18,211,784498,35477,,186,177
30676,UNKNOWN_LOCATION|UNEXPECTED_LOCATION_DATE,UNKNOWN,2025-03-24,227,634919,21028,681,223,215
30746,DUPLICATE_KEY,L0172,2025-06-02,231,555555,27103,1155,218,197
30747,DUPLICATE_KEY,L0172,2025-06-02,231,555555,27103,1155,218,197
30790,DUPLICATE_KEY,L0173,2025-01-17,138,323748,15340,690,126,116
30791,DUPLICATE_KEY,L0173,2025-01-17,138,323748,15340,690,126,116
30989,DUPLICATE_KEY,L0174,2025-02-05,48,150576,6673,240,47,40
30990,DUPLICATE_KEY,L0174,2025-02-05,48,150576,6673,240,47,40
31025,ON_TIME_EXCEEDS_COMPLETED,L0174,2025-03-13,55,184415,7576,220,53,54
31113,REFUND_EXCEEDS_GROSS,L0174,2025-06-09,53,161491,161492,371,45,40
31137,DUPLICATE_KEY,L0175,2025-01-04,56,234472,10906,392,50,49
31138,DUPLICATE_KEY,L0175,2025-01-04,56,234472,10906,392,50,49
31168,DUPLICATE_KEY,L0175,2025-02-04,43,156692,2716,215,36,34
31169,DUPLICATE_KEY,L0175,2025-02-04,43,156692,2716,215,36,34
31186,DUPLICATE_KEY,L0175,2025-02-21,48,98640,2065,240,45,39
31187,DUPLICATE_KEY,L0175,2025-02-21,48,98640,2065,240,45,39
31231,INVALID_GROSS_CENTS,L0175,2025-04-06,64,-100,2698,192,56,53
31333,UNKNOWN_LOCATION|UNEXPECTED_LOCATION_DATE|DUPLICATE_KEY,UNKNOWN,2025-01-19,105,290955,6689,315,95,93
31397,REFUND_EXCEEDS_GROSS,L0176,2025-03-24,81,298404,298405,567,72,66
31400,REFUND_EXCEEDS_GROSS,L0176,2025-03-27,103,276040,276041,412,101,93
31446,DUPLICATE_KEY,L0176,2025-05-12,75,214050,4447,300,66,57
31447,DUPLICATE_KEY,L0176,2025-05-12,75,214050,4447,300,66,57
31557,ON_TIME_EXCEEDS_COMPLETED,L0177,2025-03-04,94,413412,14464,282,85,86
31631,REFUND_EXCEEDS_GROSS,L0177,2025-05-18,103,249569,249570,412,89,83
31656,INVALID_LABOR_MINUTES,L0177,2025-06-12,111,458763,8029,,106,103
31693,DUPLICATE_KEY,L0178,2025-01-22,99,432630,5884,396,96,88
31694,DUPLICATE_KEY,L0178,2025-01-22,99,432630,5884,396,96,88
31745,INVALID_GROSS_CENTS,L0178,2025-03-14,96,-100,5161,288,91,83
31754,DUPLICATE_KEY,L0178,2025-03-23,124,257300,12621,868,113,111
31755,DUPLICATE_KEY,L0178,2025-03-23,124,257300,12621,868,113,111
31869,DUPLICATE_KEY,L0179,2025-01-18,204,593640,25086,612,173,162
31870,DUPLICATE_KEY,L0179,2025-01-18,204,593640,25086,612,173,162
31921,UNKNOWN_LOCATION|UNEXPECTED_LOCATION_DATE|DUPLICATE_KEY,UNKNOWN,2025-03-11,143,547976,3636,1001,132,114
31953,INVALID_GROSS_CENTS,L0179,2025-04-12,150,-100,10402,1050,132,123
31965,INVALID_LABOR_MINUTES,L0179,2025-04-24,126,366282,17306,,113,111
31974,INVALID_GROSS_CENTS,L0179,2025-05-03,147,-100,10681,441,125,121
32063,INVALID_LABOR_MINUTES,L0180,2025-02-03,165,591195,3399,,163,143
32129,UNKNOWN_LOCATION|UNEXPECTED_LOCATION_DATE|DUPLICATE_KEY,UNKNOWN,2025-04-10,223,481457,15929,1561,200,191
32222,DUPLICATE_KEY,L0181,2025-01-14,91,340886,7748,364,79,70
32223,DUPLICATE_KEY,L0181,2025-01-14,91,340886,7748,364,79,70
32313,UNKNOWN_LOCATION|UNEXPECTED_LOCATION_DATE,UNKNOWN,2025-04-14,79,322320,2537,316,78,76
32319,DUPLICATE_KEY,L0181,2025-04-21,71,193049,9136,284,69,68
32320,DUPLICATE_KEY,L0181,2025-04-21,71,193049,9136,284,69,68
32348,REFUND_EXCEEDS_GROSS,L0181,2025-05-21,75,234075,234076,300,64,55
32374,DUPLICATE_KEY,L0181,2025-06-16,99,192357,7863,297,91,86
32375,DUPLICATE_KEY,L0181,2025-06-16,99,192357,7863,297,91,86
32397,ON_TIME_EXCEEDS_COMPLETED,L0182,2025-01-09,240,723600,26998,1440,227,228
32486,DUPLICATE_KEY,L0182,2025-04-08,176,618112,27111,704,173,159
32487,DUPLICATE_KEY,L0182,2025-04-08,176,618112,27111,704,173,159
32488,DUPLICATE_KEY,L0182,2025-04-09,169,429767,4138,507,168,150
32489,DUPLICATE_KEY,L0182,2025-04-09,169,429767,4138,507,168,150
32572,DUPLICATE_KEY,L0183,2025-01-05,214,578228,8924,1284,201,175
32573,DUPLICATE_KEY,L0183,2025-01-05,214,578228,8924,1284,201,175
32699,INVALID_GROSS_CENTS,L0183,2025-05-12,173,-100,2293,692,163,139
32730,UNKNOWN_LOCATION|UNEXPECTED_LOCATION_DATE|DUPLICATE_KEY,UNKNOWN,2025-06-12,194,597132,16086,1164,177,159
32731,REFUND_EXCEEDS_GROSS,L0183,2025-06-13,169,563108,563109,1183,161,149
32813,INVALID_LABOR_MINUTES,L0184,2025-03-07,88,274560,12324,,75,64
32849,DUPLICATE_KEY,L0184,2025-04-13,93,333312,6550,372,80,75
32850,DUPLICATE_KEY,L0184,2025-04-13,93,333312,6550,372,80,75
32964,DUPLICATE_KEY,L0185,2025-02-06,156,285792,14117,780,146,127
32965,DUPLICATE_KEY,L0185,2025-02-06,156,285792,14117,780,146,127
32966,ON_TIME_EXCEEDS_COMPLETED,L0185,2025-02-07,185,735930,35843,555,161,162
32971,DUPLICATE_KEY,L0185,2025-02-12,155,558310,22559,620,138,123
32972,DUPLICATE_KEY,L0185,2025-02-12,155,558310,22559,620,138,123
33012,DUPLICATE_KEY,L0185,2025-03-26,184,793040,19736,920,159,152
33013,DUPLICATE_KEY,L0185,2025-03-26,184,793040,19736,920,159,152
33214,DUPLICATE_KEY,L0186,2025-04-20,132,258984,7371,396,121,114
33215,DUPLICATE_KEY,L0186,2025-04-20,132,258984,7371,396,121,114
33281,REFUND_EXCEEDS_GROSS,L0186,2025-06-25,97,187598,187599,388,85,80
33307,REFUND_EXCEEDS_GROSS,L0187,2025-01-22,153,556614,556615,612,148,141
33325,DUPLICATE_KEY,L0187,2025-02-09,172,671660,8500,1204,168,159
33326,DUPLICATE_KEY,L0187,2025-02-09,172,671660,8500,1204,168,159
33335,REFUND_EXCEEDS_GROSS,L0187,2025-02-18,151,561418,561419,453,139,131
33406,ON_TIME_EXCEEDS_COMPLETED,L0187,2025-05-01,192,406656,10573,960,187,188
33439,ON_TIME_EXCEEDS_COMPLETED,L0187,2025-06-03,171,487692,23729,1026,147,148
33487,REFUND_EXCEEDS_GROSS,L0188,2025-01-25,125,513750,513751,750,110,97
33525,DUPLICATE_KEY,L0188,2025-03-04,91,335062,2949,273,80,79
33526,DUPLICATE_KEY,L0188,2025-03-04,91,335062,2949,273,80,79
33576,DUPLICATE_KEY,L0188,2025-04-23,112,361872,2060,560,105,97
33577,DUPLICATE_KEY,L0188,2025-04-23,112,361872,2060,560,105,97
33648,DUPLICATE_KEY,L0189,2025-01-05,219,914106,30071,876,187,162
33649,DUPLICATE_KEY,L0189,2025-01-05,219,914106,30071,876,187,162
33682,INVALID_LABOR_MINUTES,L0189,2025-02-08,238,850136,17680,,219,187
33704,UNKNOWN_LOCATION|UNEXPECTED_LOCATION_DATE,UNKNOWN,2025-03-02,247,660478,25707,1729,246,240
33716,INVALID_GROSS_CENTS,L0189,2025-03-14,186,-100,8221,744,168,162
33721,INVALID_LABOR_MINUTES,L0189,2025-03-19,229,533799,6009,,226,217
33753,ON_TIME_EXCEEDS_COMPLETED,L0189,2025-04-20,229,656085,14585,1145,209,210
33803,DUPLICATE_KEY,L0189,2025-06-09,180,676440,23871,1080,153,143
33804,DUPLICATE_KEY,L0189,2025-06-09,180,676440,23871,1080,153,143
33807,DUPLICATE_KEY,L0189,2025-06-12,240,749760,34414,1680,218,186
33808,DUPLICATE_KEY,L0189,2025-06-12,240,749760,34414,1680,218,186
33827,UNKNOWN_LOCATION|UNEXPECTED_LOCATION_DATE|DUPLICATE_KEY,UNKNOWN,2025-01-02,80,262560,2806,320,78,69
33960,REFUND_EXCEEDS_GROSS,L0190,2025-05-16,78,186342,186343,312,77,74
33984,INVALID_LABOR_MINUTES,L0190,2025-06-09,68,157352,1426,,58,51
34080,ON_TIME_EXCEEDS_COMPLETED,L0191,2025-03-20,187,654500,4375,561,160,161
34109,DUPLICATE_KEY,L0191,2025-04-18,188,797496,27017,1316,176,154
34110,DUPLICATE_KEY,L0191,2025-04-18,188,797496,27017,1316,176,154
34159,INVALID_GROSS_CENTS,L0191,2025-06-07,258,-100,18357,1548,226,214
34186,ON_TIME_EXCEEDS_COMPLETED,L0192,2025-01-05,146,530272,3064,584,127,128
34261,UNKNOWN_LOCATION|UNEXPECTED_LOCATION_DATE,UNKNOWN,2025-03-21,130,436410,10008,910,113,107
34308,REFUND_EXCEEDS_GROSS,L0192,2025-05-07,140,259140,259141,980,125,110
34453,DUPLICATE_KEY,L0193,2025-04-02,203,782159,13899,1421,175,163
34454,DUPLICATE_KEY,L0193,2025-04-02,203,782159,13899,1421,175,163
34571,INVALID_GROSS_CENTS,L0194,2025-01-30,103,-100,18040,412,100,93
34586,UNKNOWN_LOCATION|UNEXPECTED_LOCATION_DATE|DUPLICATE_KEY,UNKNOWN,2025-02-14,124,231384,11351,744,121,119
34674,UNKNOWN_LOCATION|UNEXPECTED_LOCATION_DATE,UNKNOWN,2025-05-13,108,302184,6159,432,100,92
34735,ON_TIME_EXCEEDS_COMPLETED,L0195,2025-01-15,197,693637,9177,985,173,174
34765,DUPLICATE_KEY,L0195,2025-02-14,252,556920,19833,1764,236,219
34766,DUPLICATE_KEY,L0195,2025-02-14,252,556920,19833,1764,236,219
34778,INVALID_GROSS_CENTS,L0195,2025-02-26,174,-100,4722,522,161,141
34837,REFUND_EXCEEDS_GROSS,L0195,2025-04-26,272,784448,784449,1632,264,238
34905,INVALID_GROSS_CENTS,L0196,2025-01-04,141,-100,6133,423,133,121
35049,UNKNOWN_LOCATION|UNEXPECTED_LOCATION_DATE|DUPLICATE_KEY,UNKNOWN,2025-06-01,129,385452,12093,903,124,118
35053,DUPLICATE_KEY,L0196,2025-06-05,109,387931,10792,654,94,89
35054,DUPLICATE_KEY,L0196,2025-06-05,109,387931,10792,654,94,89
35079,DUPLICATE_KEY,L0197,2025-01-01,93,388740,11555,372,83,72
35080,DUPLICATE_KEY,L0197,2025-01-01,93,388740,11555,372,83,72
35132,UNKNOWN_LOCATION|UNEXPECTED_LOCATION_DATE,UNKNOWN,2025-02-25,91,232778,1229,364,80,72
35178,DUPLICATE_KEY,L0197,2025-04-12,109,407224,4800,327,105,104
35179,DUPLICATE_KEY,L0197,2025-04-12,109,407224,4800,327,105,104
35287,REFUND_EXCEEDS_GROSS,L0198,2025-01-31,158,565008,565009,1106,155,134
35321,DUPLICATE_KEY,L0198,2025-03-06,188,357576,12227,752,167,143
35322,DUPLICATE_KEY,L0198,2025-03-06,188,357576,12227,752,167,143
35363,DUPLICATE_KEY,L0198,2025-04-16,188,811596,11250,940,184,173
35364,DUPLICATE_KEY,L0198,2025-04-16,188,811596,11250,940,184,173
35367,DUPLICATE_KEY,L0198,2025-04-19,197,822672,32251,985,176,160
35368,DUPLICATE_KEY,L0198,2025-04-19,197,822672,32251,985,176,160
35408,REFUND_EXCEEDS_GROSS,L0198,2025-05-29,202,540956,540957,606,189,168
35571,ON_TIME_EXCEEDS_COMPLETED,L0199,2025-05-14,95,387980,3455,570,82,83
35574,INVALID_LABOR_MINUTES,L0199,2025-05-17,100,246900,5908,,86,80
35576,UNKNOWN_LOCATION|UNEXPECTED_LOCATION_DATE,UNKNOWN,2025-05-19,64,126592,1128,320,54,50
35619,INVALID_GROSS_CENTS,L0200,2025-01-02,151,-100,19750,1057,146,139
35645,DUPLICATE_KEY,L0200,2025-01-28,189,342468,5932,756,170,163
35646,DUPLICATE_KEY,L0200,2025-01-28,189,342468,5932,756,170,163
35742,UNKNOWN_LOCATION|UNEXPECTED_LOCATION_DATE|DUPLICATE_KEY,UNKNOWN,2025-05-04,230,935640,39347,1610,205,193
35769,UNKNOWN_LOCATION|UNEXPECTED_LOCATION_DATE|DUPLICATE_KEY,UNKNOWN,2025-05-31,198,640926,24489,792,172,148
35785,DUPLICATE_KEY,L0200,2025-06-16,199,704858,3641,1194,192,190
35786,DUPLICATE_KEY,L0200,2025-06-16,199,704858,3641,1194,192,190
35789,REFUND_EXCEEDS_GROSS,L0200,2025-06-19,158,521874,521875,948,141,133
35878,DUPLICATE_KEY,L0201,2025-03-20,99,290367,11032,594,91,86
35879,DUPLICATE_KEY,L0201,2025-03-20,99,290367,11032,594,91,86
35883,INVALID_GROSS_CENTS,L0201,2025-03-24,94,-100,10277,564,86,76
35887,INVALID_GROSS_CENTS,L0201,2025-03-29,130,-100,15730,780,126,115
35956,DUPLICATE_KEY,L0201,2025-06-06,101,259469,5500,404,100,90
35957,DUPLICATE_KEY,L0201,2025-06-06,101,259469,5500,404,100,90
36002,INVALID_LABOR_MINUTES,L0202,2025-01-23,87,263436,6977,,84,76
36151,ON_TIME_EXCEEDS_COMPLETED,L0202,2025-06-24,85,371960,1918,510,80,81
36183,ON_TIME_EXCEEDS_COMPLETED,L0203,2025-01-29,207,786186,25434,621,184,185
36205,REFUND_EXCEEDS_GROSS,L0203,2025-02-20,189,810054,810055,945,174,160
36206,DUPLICATE_KEY,L0203,2025-02-21,148,406704,2311,592,137,126
36207,DUPLICATE_KEY,L0203,2025-02-21,148,406704,2311,592,137,126
36214,INVALID_GROSS_CENTS,L0203,2025-02-28,187,-100,30311,748,174,159
36240,INVALID_LABOR_MINUTES,L0203,2025-03-27,178,516200,10130,,154,140
36330,DUPLICATE_KEY,L0203,2025-06-26,166,451520,8953,1162,161,139
36331,DUPLICATE_KEY,L0203,2025-06-26,166,451520,8953,1162,161,139
36343,DUPLICATE_KEY,L0204,2025-01-09,82,209510,2022,246,71,69
36344,DUPLICATE_KEY,L0204,2025-01-09,82,209510,2022,246,71,69
36409,DUPLICATE_KEY,L0204,2025-03-15,124,360716,2803,744,121,107
36410,DUPLICATE_KEY,L0204,2025-03-15,124,360716,2803,744,121,107
36411,DUPLICATE_KEY,L0204,2025-03-16,135,446310,8118,675,130,123
36412,DUPLICATE_KEY,L0204,2025-03-16,135,446310,8118,675,130,123
36415,ON_TIME_EXCEEDS_COMPLETED,L0204,2025-03-19,110,241230,11619,550,103,104
36465,REFUND_EXCEEDS_GROSS,L0204,2025-05-09,77,237776,237777,385,68,65
36481,REFUND_EXCEEDS_GROSS,L0204,2025-05-25,98,386904,386905,588,96,85
36484,REFUND_EXCEEDS_GROSS,L0204,2025-05-28,100,339000,339001,300,96,88
36505,DUPLICATE_KEY,L0204,2025-06-18,114,409032,8948,798,110,97
36506,DUPLICATE_KEY,L0204,2025-06-18,114,409032,8948,798,110,97
36517,DUPLICATE_KEY,L0204,2025-06-29,95,422180,20364,285,84,76
36518,DUPLICATE_KEY,L0204,2025-06-29,95,422180,20364,285,84,76
36521,DUPLICATE_KEY,L0205,2025-01-04,89,267445,2964,534,82,74
36522,DUPLICATE_KEY,L0205,2025-01-04,89,267445,2964,534,82,74
36536,DUPLICATE_KEY,L0205,2025-01-18,97,388873,11756,485,90,83
36537,DUPLICATE_KEY,L0205,2025-01-18,97,388873,11756,485,90,83
36540,DUPLICATE_KEY,L0205,2025-01-21,71,282864,1904,213,65,56
36541,DUPLICATE_KEY,L0205,2025-01-21,71,282864,1904,213,65,56
36584,DUPLICATE_KEY,L0205,2025-03-05,68,165784,8223,272,58,52
36585,DUPLICATE_KEY,L0205,2025-03-05,68,165784,8223,272,58,52
36641,ON_TIME_EXCEEDS_COMPLETED,L0205,2025-04-30,61,264740,4759,305,59,60
36655,UNKNOWN_LOCATION|UNEXPECTED_LOCATION_DATE|DUPLICATE_KEY,UNKNOWN,2025-05-14,61,195261,7967,183,57,56
36663,UNKNOWN_LOCATION|UNEXPECTED_LOCATION_DATE|DUPLICATE_KEY,UNKNOWN,2025-05-22,63,232344,3157,315,58,50
36671,REFUND_EXCEEDS_GROSS,L0205,2025-05-30,69,227217,227218,483,60,59
36688,DUPLICATE_KEY,L0205,2025-06-16,74,293706,7897,518,67,58
36689,DUPLICATE_KEY,L0205,2025-06-16,74,293706,7897,518,67,58
36697,ON_TIME_EXCEEDS_COMPLETED,L0205,2025-06-24,59,181661,4227,177,51,52
36737,DUPLICATE_KEY,L0206,2025-02-05,172,513248,8622,1032,166,156
36738,DUPLICATE_KEY,L0206,2025-02-05,172,513248,8622,1032,166,156
36747,INVALID_GROSS_CENTS,L0206,2025-02-14,215,-100,30564,645,214,207
36754,INVALID_GROSS_CENTS,L0206,2025-02-21,214,-100,7214,856,188,160
36806,DUPLICATE_KEY,L0206,2025-04-15,211,551343,21370,633,190,177
36807,DUPLICATE_KEY,L0206,2025-04-15,211,551343,21370,633,190,177
36843,UNKNOWN_LOCATION|UNEXPECTED_LOCATION_DATE,UNKNOWN,2025-05-21,158,584442,17299,790,146,125
37049,INVALID_LABOR_MINUTES,L0207,2025-06-21,122,531432,24477,,107,105
37071,DUPLICATE_KEY,L0208,2025-01-15,151,439259,12142,604,141,123
37072,DUPLICATE_KEY,L0208,2025-01-15,151,439259,12142,604,141,123
37162,DUPLICATE_KEY,L0208,2025-04-16,171,743679,24685,684,160,152
37163,DUPLICATE_KEY,L0208,2025-04-16,171,743679,24685,684,160,152
37340,ON_TIME_EXCEEDS_COMPLETED,L0209,2025-04-14,112,253232,4078,672,111,112
37357,UNKNOWN_LOCATION|UNEXPECTED_LOCATION_DATE|DUPLICATE_KEY,UNKNOWN,2025-05-01,102,452676,21634,408,95,91
37421,ON_TIME_EXCEEDS_COMPLETED,L0210,2025-01-06,190,384180,16773,950,171,172
37459,ON_TIME_EXCEEDS_COMPLETED,L0210,2025-02-15,197,694819,23690,591,170,171
37483,INVALID_GROSS_CENTS,L0210,2025-03-12,168,-100,1911,672,150,136
37493,DUPLICATE_KEY,L0210,2025-03-22,183,439749,5832,1281,160,150
37494,DUPLICATE_KEY,L0210,2025-03-22,183,439749,5832,1281,160,150
37496,INVALID_LABOR_MINUTES,L0210,2025-03-24,140,463260,5314,,130,122
37502,DUPLICATE_KEY,L0210,2025-03-30,228,520068,21082,912,223,208
37503,DUPLICATE_KEY,L0210,2025-03-30,228,520068,21082,912,223,208
37512,REFUND_EXCEEDS_GROSS,L0210,2025-04-08,177,387807,387808,708,174,150
37581,DUPLICATE_KEY,L0210,2025-06-17,202,392890,14164,1414,173,160
37582,DUPLICATE_KEY,L0210,2025-06-17,202,392890,14164,1414,173,160
37587,INVALID_LABOR_MINUTES,L0210,2025-06-22,200,543400,4083,,198,193
37643,INVALID_LABOR_MINUTES,L0211,2025-02-20,121,230747,10277,,111,105
37645,DUPLICATE_KEY,L0211,2025-02-22,145,398895,18343,435,136,127
37646,DUPLICATE_KEY,L0211,2025-02-22,145,398895,18343,435,136,127
37652,INVALID_GROSS_CENTS,L0211,2025-02-28,130,-100,10609,650,120,112
37670,INVALID_LABOR_MINUTES,L0211,2025-03-18,91,265447,6936,,81,70
37782,INVALID_GROSS_CENTS,L0212,2025-01-10,203,-100,23053,609,198,170
37834,UNKNOWN_LOCATION|UNEXPECTED_LOCATION_DATE,UNKNOWN,2025-03-03,168,630336,24778,504,155,133
37876,ON_TIME_EXCEEDS_COMPLETED,L0212,2025-04-15,178,618550,4182,1068,166,167
37893,REFUND_EXCEEDS_GROSS,L0212,2025-05-02,220,404800,404801,880,196,191
37919,UNKNOWN_LOCATION|UNEXPECTED_LOCATION_DATE,UNKNOWN,2025-05-28,194,402162,2687,582,177,164
37925,ON_TIME_EXCEEDS_COMPLETED,L0212,2025-06-03,173,515886,10241,1211,150,151
37966,ON_TIME_EXCEEDS_COMPLETED,L0213,2025-01-16,109,356430,16150,654,97,98
37967,INVALID_GROSS_CENTS,L0213,2025-01-17,105,-100,5543,735,94,83
37978,INVALID_GROSS_CENTS,L0213,2025-01-28,81,-100,7446,486,69,60
37995,INVALID_LABOR_MINUTES,L0213,2025-02-14,111,480519,12099,,109,107
38077,UNKNOWN_LOCATION|UNEXPECTED_LOCATION_DATE|DUPLICATE_KEY,UNKNOWN,2025-05-09,78,315432,5494,234,75,64
38134,ON_TIME_EXCEEDS_COMPLETED,L0214,2025-01-06,69,173466,4498,345,68,69
38174,REFUND_EXCEEDS_GROSS,L0214,2025-02-16,67,169912,169913,469,63,55
38272,ON_TIME_EXCEEDS_COMPLETED,L0214,2025-05-25,80,167600,5753,560,72,73
38277,INVALID_LABOR_MINUTES,L0214,2025-05-30,75,308250,15153,,66,57
38278,DUPLICATE_KEY,L0214,2025-05-31,75,306675,5522,300,69,68
38279,DUPLICATE_KEY,L0214,2025-05-31,75,306675,5522,300,69,68
38376,UNKNOWN_LOCATION|UNEXPECTED_LOCATION_DATE|DUPLICATE_KEY,UNKNOWN,2025-03-11,104,200928,4215,624,100,87
38410,DUPLICATE_KEY,L0215,2025-04-14,106,458132,11778,424,105,100
38411,DUPLICATE_KEY,L0215,2025-04-14,106,458132,11778,424,105,100
38475,DUPLICATE_KEY,L0215,2025-06-18,99,376596,12586,297,95,84
38476,DUPLICATE_KEY,L0215,2025-06-18,99,376596,12586,297,95,84
38479,DUPLICATE_KEY,L0215,2025-06-21,119,359261,12390,595,102,91
38480,DUPLICATE_KEY,L0215,2025-06-21,119,359261,12390,595,102,91
38525,UNKNOWN_LOCATION|UNEXPECTED_LOCATION_DATE|DUPLICATE_KEY,UNKNOWN,2025-02-06,158,562322,14546,1106,145,126
38616,INVALID_GROSS_CENTS,L0216,2025-05-08,118,-100,19417,826,117,102
38629,UNKNOWN_LOCATION|UNEXPECTED_LOCATION_DATE|DUPLICATE_KEY,UNKNOWN,2025-05-22,153,314874,1889,918,152,129
38732,INVALID_GROSS_CENTS,L0217,2025-03-06,78,-100,7172,468,67,62
38856,UNKNOWN_LOCATION|UNEXPECTED_LOCATION_DATE,UNKNOWN,2025-01-10,177,380019,12935,1062,161,157
38882,UNKNOWN_LOCATION|UNEXPECTED_LOCATION_DATE,UNKNOWN,2025-02-05,184,699936,13244,736,178,171
38927,INVALID_LABOR_MINUTES,L0218,2025-03-22,187,724438,21865,,166,145
38928,DUPLICATE_KEY,L0218,2025-03-23,189,756378,22866,756,168,166
38929,DUPLICATE_KEY,L0218,2025-03-23,189,756378,22866,756,168,166
38946,DUPLICATE_KEY,L0218,2025-04-09,147,428064,12036,588,135,123
38947,DUPLICATE_KEY,L0218,2025-04-09,147,428064,12036,588,135,123
39014,ON_TIME_EXCEEDS_COMPLETED,L0218,2025-06-16,192,858432,41205,1344,185,186
39017,DUPLICATE_KEY,L0218,2025-06-19,187,359040,10315,561,179,162
39018,DUPLICATE_KEY,L0218,2025-06-19,187,359040,10315,561,179,162
39072,INVALID_LABOR_MINUTES,L0219,2025-02-14,222,910422,18129,,218,214
39108,DUPLICATE_KEY,L0219,2025-03-22,245,513030,22476,980,242,232
39109,DUPLICATE_KEY,L0219,2025-03-22,245,513030,22476,980,242,232
39111,ON_TIME_EXCEEDS_COMPLETED,L0219,2025-03-24,165,468600,20581,495,160,161
39118,DUPLICATE_KEY,L0219,2025-03-31,216,462888,20398,1080,206,187
39119,DUPLICATE_KEY,L0219,2025-03-31,216,462888,20398,1080,206,187
39137,UNKNOWN_LOCATION|UNEXPECTED_LOCATION_DATE|DUPLICATE_KEY,UNKNOWN,2025-04-19,233,588092,14831,1631,231,197
39160,DUPLICATE_KEY,L0219,2025-05-12,229,450443,17008,687,214,189
39161,DUPLICATE_KEY,L0219,2025-05-12,229,450443,17008,687,214,189
39173,DUPLICATE_KEY,L0219,2025-05-24,267,1165188,19504,801,230,211
39174,DUPLICATE_KEY,L0219,2025-05-24,267,1165188,19504,801,230,211
39183,UNKNOWN_LOCATION|UNEXPECTED_LOCATION_DATE|DUPLICATE_KEY,UNKNOWN,2025-06-02,196,410620,10854,980,172,151
39191,UNKNOWN_LOCATION|UNEXPECTED_LOCATION_DATE,UNKNOWN,2025-06-10,210,783090,27879,1470,209,181
39194,INVALID_LABOR_MINUTES,L0219,2025-06-13,160,437440,21266,,149,147
39195,DUPLICATE_KEY,L0219,2025-06-14,241,600813,8520,1446,215,202
39196,DUPLICATE_KEY,L0219,2025-06-14,241,600813,8520,1446,215,202
39203,ON_TIME_EXCEEDS_COMPLETED,L0219,2025-06-21,275,550825,16703,1650,253,254
39211,REFUND_EXCEEDS_GROSS,L0219,2025-06-29,233,1000269,1000270,1165,201,181
39235,UNKNOWN_LOCATION|UNEXPECTED_LOCATION_DATE|DUPLICATE_KEY,UNKNOWN,2025-01-24,100,318200,2813,400,95,93
39389,DUPLICATE_KEY,L0220,2025-06-28,105,317310,11739,315,97,96
39390,DUPLICATE_KEY,L0220,2025-06-28,105,317310,11739,315,97,96
39431,REFUND_EXCEEDS_GROSS,L0221,2025-02-09,225,971550,971551,1350,222,197
39454,DUPLICATE_KEY,L0221,2025-03-05,184,775744,33584,552,159,148
39455,DUPLICATE_KEY,L0221,2025-03-05,184,775744,33584,552,159,148
39541,INVALID_LABOR_MINUTES,L0221,2025-05-31,306,770814,36791,,302,280
39644,DUPLICATE_KEY,L0222,2025-03-15,142,399872,16161,426,137,135
39645,DUPLICATE_KEY,L0222,2025-03-15,142,399872,16161,426,137,135
39650,ON_TIME_EXCEEDS_COMPLETED,L0222,2025-03-20,108,246240,6665,540,92,93
39662,INVALID_LABOR_MINUTES,L0222,2025-04-01,139,444522,11942,,138,121
39676,REFUND_EXCEEDS_GROSS,L0222,2025-04-15,129,387258,387259,516,110,109
39738,REFUND_EXCEEDS_GROSS,L0222,2025-06-17,120,448920,448921,600,110,98
39758,DUPLICATE_KEY,L0223,2025-01-08,154,584430,14995,462,147,145
39759,DUPLICATE_KEY,L0223,2025-01-08,154,584430,14995,462,147,145
39793,DUPLICATE_KEY,L0223,2025-02-11,162,547236,18626,648,140,134
39794,DUPLICATE_KEY,L0223,2025-02-11,162,547236,18626,648,140,134
39916,INVALID_LABOR_MINUTES,L0223,2025-06-14,187,809149,19563,,167,151
40032,DUPLICATE_KEY,L0224,2025-04-11,169,448526,9269,1014,161,150
40033,DUPLICATE_KEY,L0224,2025-04-11,169,448526,9269,1014,161,150
40055,INVALID_LABOR_MINUTES,L0224,2025-05-03,205,819795,31616,,188,185
40062,DUPLICATE_KEY,L0224,2025-05-10,177,518079,17983,1239,161,157
40063,DUPLICATE_KEY,L0224,2025-05-10,177,518079,17983,1239,161,157
40065,DUPLICATE_KEY,L0224,2025-05-12,160,680640,17495,800,143,125
40066,DUPLICATE_KEY,L0224,2025-05-12,160,680640,17495,800,143,125
40089,REFUND_EXCEEDS_GROSS,L0224,2025-06-04,178,693488,693489,1068,175,162
40097,DUPLICATE_KEY,L0224,2025-06-12,157,397681,9423,1099,149,136
40098,DUPLICATE_KEY,L0224,2025-06-12,157,397681,9423,1099,149,136
40191,DUPLICATE_KEY,L0225,2025-03-17,126,348138,2101,504,123,116
40192,DUPLICATE_KEY,L0225,2025-03-17,126,348138,2101,504,123,116
40222,INVALID_GROSS_CENTS,L0225,2025-04-16,145,-100,24470,435,144,133
40245,INVALID_LABOR_MINUTES,L0225,2025-05-10,153,603738,21646,,136,133
40249,INVALID_GROSS_CENTS,L0225,2025-05-14,100,-100,9019,600,94,86
40345,UNKNOWN_LOCATION|UNEXPECTED_LOCATION_DATE|DUPLICATE_KEY,UNKNOWN,2025-02-20,93,249054,7612,279,82,78
40372,DUPLICATE_KEY,L0226,2025-03-19,87,378885,3573,435,78,75
40373,DUPLICATE_KEY,L0226,2025-03-19,87,378885,3573,435,78,75
40385,DUPLICATE_KEY,L0226,2025-03-31,106,404072,13631,530,90,89
40386,DUPLICATE_KEY,L0226,2025-03-31,106,404072,13631,530,90,89
40456,ON_TIME_EXCEEDS_COMPLETED,L0226,2025-06-10,87,373230,3860,522,84,85
40517,ON_TIME_EXCEEDS_COMPLETED,L0227,2025-02-12,125,543000,8771,750,123,124
40524,UNKNOWN_LOCATION|UNEXPECTED_LOCATION_DATE,UNKNOWN,2025-02-19,102,320484,8542,714,86,77
40531,INVALID_LABOR_MINUTES,L0227,2025-02-26,100,345000,3140,,96,82
40545,UNKNOWN_LOCATION|UNEXPECTED_LOCATION_DATE|DUPLICATE_KEY,UNKNOWN,2025-03-12,147,437619,13512,882,127,110
40643,DUPLICATE_KEY,L0227,2025-06-21,144,532080,4093,576,128,123
40644,DUPLICATE_KEY,L0227,2025-06-21,144,532080,4093,576,128,123
40656,REFUND_EXCEEDS_GROSS,L0228,2025-01-05,160,694400,694401,960,151,140
40696,DUPLICATE_KEY,L0228,2025-02-14,101,442077,6928,606,97,93
40697,DUPLICATE_KEY,L0228,2025-02-14,101,442077,6928,606,97,93
40736,ON_TIME_EXCEEDS_COMPLETED,L0228,2025-03-25,108,226476,8193,648,106,107
40750,DUPLICATE_KEY,L0228,2025-04-10,109,316863,6178,436,104,98
40751,DUPLICATE_KEY,L0228,2025-04-10,109,316863,6178,436,104,98
40772,UNKNOWN_LOCATION|UNEXPECTED_LOCATION_DATE|DUPLICATE_KEY,UNKNOWN,2025-05-01,138,383502,17886,414,128,114
40784,INVALID_GROSS_CENTS,L0228,2025-05-13,131,-100,3231,917,121,118
40838,INVALID_GROSS_CENTS,L0229,2025-01-07,70,-100,7853,490,61,54
40856,INVALID_LABOR_MINUTES,L0229,2025-01-26,70,312200,8277,,61,54
40886,DUPLICATE_KEY,L0229,2025-02-26,69,302634,13020,414,62,60
40887,DUPLICATE_KEY,L0229,2025-02-26,69,302634,13020,414,62,60
40901,DUPLICATE_KEY,L0229,2025-03-13,55,208835,1392,275,50,43
40902,DUPLICATE_KEY,L0229,2025-03-13,55,208835,1392,275,50,43
40986,INVALID_GROSS_CENTS,L0229,2025-06-06,54,-100,4725,378,51,50
41043,ON_TIME_EXCEEDS_COMPLETED,L0230,2025-02-03,170,615740,18398,510,157,158
41057,INVALID_LABOR_MINUTES,L0230,2025-02-17,160,612960,24747,,158,145
41096,UNKNOWN_LOCATION|UNEXPECTED_LOCATION_DATE,UNKNOWN,2025-03-29,185,673955,7759,1110,181,165
41109,DUPLICATE_KEY,L0230,2025-04-11,134,443272,20162,670,129,125
41110,DUPLICATE_KEY,L0230,2025-04-11,134,443272,20162,670,129,125
41131,REFUND_EXCEEDS_GROSS,L0230,2025-05-03,162,411642,411643,810,143,129
41190,UNKNOWN_LOCATION|UNEXPECTED_LOCATION_DATE|DUPLICATE_KEY,UNKNOWN,2025-01-02,178,660202,16543,534,168,163
41250,ON_TIME_EXCEEDS_COMPLETED,L0231,2025-03-03,226,529292,4472,1130,222,223
41389,DUPLICATE_KEY,L0232,2025-01-22,49,191247,7349,147,47,46
41390,DUPLICATE_KEY,L0232,2025-01-22,49,191247,7349,147,47,46
41412,ON_TIME_EXCEEDS_COMPLETED,L0232,2025-02-13,44,193028,6316,264,43,44
41429,INVALID_GROSS_CENTS,L0232,2025-03-03,42,-100,4910,294,37,35
41439,DUPLICATE_KEY,L0232,2025-03-13,39,146835,6991,234,35,33
41440,DUPLICATE_KEY,L0232,2025-03-13,39,146835,6991,234,35,33
41571,DUPLICATE_KEY,L0233,2025-01-25,135,474660,4529,405,132,126
41572,DUPLICATE_KEY,L0233,2025-01-25,135,474660,4529,405,132,126
41621,UNKNOWN_LOCATION|UNEXPECTED_LOCATION_DATE|DUPLICATE_KEY,UNKNOWN,2025-03-16,137,400725,6530,411,122,119
41635,DUPLICATE_KEY,L0233,2025-03-30,136,596632,10705,680,118,116
41636,DUPLICATE_KEY,L0233,2025-03-30,136,596632,10705,680,118,116
41639,INVALID_GROSS_CENTS,L0233,2025-04-02,120,-100,9611,360,105,96
41675,ON_TIME_EXCEEDS_COMPLETED,L0233,2025-05-08,131,252044,3440,655,111,112
41683,DUPLICATE_KEY,L0233,2025-05-16,139,623554,30778,973,125,117
41684,DUPLICATE_KEY,L0233,2025-05-16,139,623554,30778,973,125,117
41708,INVALID_GROSS_CENTS,L0233,2025-06-09,145,-100,11837,435,140,127
41715,INVALID_GROSS_CENTS,L0233,2025-06-16,140,-100,7787,420,124,109
41771,INVALID_GROSS_CENTS,L0234,2025-02-12,118,-100,4304,354,111,100
41795,DUPLICATE_KEY,L0234,2025-03-08,121,411400,7410,484,114,109
41796,DUPLICATE_KEY,L0234,2025-03-08,121,411400,7410,484,114,109
41849,INVALID_GROSS_CENTS,L0234,2025-05-01,99,-100,5074,495,85,81
41864,INVALID_LABOR_MINUTES,L0234,2025-05-16,130,567710,27691,,129,121
41878,INVALID_GROSS_CENTS,L0234,2025-06-01,148,-100,9925,740,146,136
41882,UNKNOWN_LOCATION|UNEXPECTED_LOCATION_DATE|DUPLICATE_KEY,UNKNOWN,2025-06-05,140,569240,14644,560,121,111
41944,INVALID_GROSS_CENTS,L0235,2025-02-07,196,-100,12116,1176,175,168
42030,DUPLICATE_KEY,L0235,2025-05-04,253,984929,36161,1265,238,231
42031,DUPLICATE_KEY,L0235,2025-05-04,253,984929,36161,1265,238,231
42034,REFUND_EXCEEDS_GROSS,L0235,2025-05-07,223,779831,779832,892,219,201
42111,UNKNOWN_LOCATION|UNEXPECTED_LOCATION_DATE,UNKNOWN,2025-01-27,72,289296,4327,432,64,62
42164,INVALID_GROSS_CENTS,L0236,2025-03-22,81,-100,12782,486,71,69
42235,REFUND_EXCEEDS_GROSS,L0236,2025-06-02,64,256000,256001,384,58,52
42260,INVALID_GROSS_CENTS,L0236,2025-06-27,61,-100,8223,366,56,51
42344,DUPLICATE_KEY,L0237,2025-03-23,225,950625,6010,1575,211,181
42345,DUPLICATE_KEY,L0237,2025-03-23,225,950625,6010,1575,211,181
42372,DUPLICATE_KEY,L0237,2025-04-19,267,706749,28465,1335,247,231
42373,DUPLICATE_KEY,L0237,2025-04-19,267,706749,28465,1335,247,231
42388,REFUND_EXCEEDS_GROSS,L0237,2025-05-04,270,999810,999811,1080,232,217
42394,ON_TIME_EXCEEDS_COMPLETED|DUPLICATE_KEY,L0237,2025-05-10,256,623360,17363,1024,238,239
42395,ON_TIME_EXCEEDS_COMPLETED|DUPLICATE_KEY,L0237,2025-05-10,256,623360,17363,1024,238,239
42491,INVALID_LABOR_MINUTES,L0238,2025-02-17,87,368793,10384,,77,74
42518,REFUND_EXCEEDS_GROSS,L0238,2025-03-16,124,293756,293757,372,108,102
42585,DUPLICATE_KEY,L0238,2025-05-23,108,271512,2248,432,102,95
42586,DUPLICATE_KEY,L0238,2025-05-23,108,271512,2248,432,102,95
42669,INVALID_LABOR_MINUTES,L0239,2025-02-16,121,438020,10222,,105,89
42676,DUPLICATE_KEY,L0239,2025-02-23,124,422592,3214,496,115,99
42677,DUPLICATE_KEY,L0239,2025-02-23,124,422592,3214,496,115,99
42705,DUPLICATE_KEY,L0239,2025-03-24,97,281979,4432,291,90,88
42706,DUPLICATE_KEY,L0239,2025-03-24,97,281979,4432,291,90,88
42788,UNKNOWN_LOCATION|UNEXPECTED_LOCATION_DATE,UNKNOWN,2025-06-15,109,216474,3474,327,96,92
42847,ON_TIME_EXCEEDS_COMPLETED,L0240,2025-02-14,138,307188,7232,414,124,125
42879,ON_TIME_EXCEEDS_COMPLETED,L0240,2025-03-18,114,381102,16595,342,104,105
42910,INVALID_LABOR_MINUTES,L0240,2025-04-18,140,572600,22724,,137,120
42974,DUPLICATE_KEY,L0240,2025-06-23,154,626780,15354,1078,153,136
42975,DUPLICATE_KEY,L0240,2025-06-23,154,626780,15354,1078,153,136
43073,UNKNOWN_LOCATION|UNEXPECTED_LOCATION_DATE|DUPLICATE_KEY,UNKNOWN,2025-04-03,177,612951,11326,708,175,162
43074,UNKNOWN_LOCATION|UNEXPECTED_LOCATION_DATE|DUPLICATE_KEY,UNKNOWN,2025-04-03,177,612951,11326,708,175,162
43095,DUPLICATE_KEY,L0241,2025-04-26,220,545600,22001,660,210,185
43096,DUPLICATE_KEY,L0241,2025-04-26,220,545600,22001,660,210,185
43120,DUPLICATE_KEY,L0241,2025-05-21,171,581229,20861,513,163,157
43121,DUPLICATE_KEY,L0241,2025-05-21,171,581229,20861,513,163,157
43126,REFUND_EXCEEDS_GROSS,L0241,2025-05-26,163,488511,488512,1141,162,141
43131,UNKNOWN_LOCATION|UNEXPECTED_LOCATION_DATE|DUPLICATE_KEY,UNKNOWN,2025-05-31,283,1132849,53591,1415,256,237
43171,REFUND_EXCEEDS_GROSS,L0242,2025-01-11,54,118206,118207,378,52,47
43209,UNKNOWN_LOCATION|UNEXPECTED_LOCATION_DATE|DUPLICATE_KEY,UNKNOWN,2025-02-18,48,135072,5398,336,47,43
43262,INVALID_GROSS_CENTS,L0242,2025-04-14,63,-100,4052,315,60,53
43339,UNKNOWN_LOCATION|UNEXPECTED_LOCATION_DATE|DUPLICATE_KEY,UNKNOWN,2025-01-02,136,352648,6969,544,117,114
43379,INVALID_LABOR_MINUTES,L0243,2025-02-11,172,529588,17837,,157,136
43395,DUPLICATE_KEY,L0243,2025-02-28,123,261006,2779,738,112,101
43396,DUPLICATE_KEY,L0243,2025-02-28,123,261006,2779,738,112,101
43485,REFUND_EXCEEDS_GROSS,L0243,2025-06-01,146,378432,378433,876,145,134
43597,REFUND_EXCEEDS_GROSS,L0244,2025-03-25,175,755125,755126,1050,150,128
43685,ON_TIME_EXCEEDS_COMPLETED,L0244,2025-06-21,237,807222,38976,1659,230,231
43687,UNKNOWN_LOCATION|UNEXPECTED_LOCATION_DATE,UNKNOWN,2025-06-23,174,753594,37345,870,150,134
43748,ON_TIME_EXCEEDS_COMPLETED,L0245,2025-02-24,189,342279,15050,1134,188,189
43757,DUPLICATE_KEY,L0245,2025-03-05,175,377825,4274,875,164,148
43758,DUPLICATE_KEY,L0245,2025-03-05,175,377825,4274,875,164,148
43828,REFUND_EXCEEDS_GROSS,L0245,2025-05-16,144,453888,453889,720,137,124
43840,DUPLICATE_KEY,L0245,2025-05-28,151,672252,5958,906,140,138
43841,DUPLICATE_KEY,L0245,2025-05-28,151,672252,5958,906,140,138
43863,DUPLICATE_KEY,L0245,2025-06-19,150,350400,9194,900,143,129
43864,DUPLICATE_KEY,L0245,2025-06-19,150,350400,9194,900,143,129
43892,DUPLICATE_KEY,L0246,2025-01-18,214,546342,21532,1498,182,160
43893,DUPLICATE_KEY,L0246,2025-01-18,214,546342,21532,1498,182,160
43958,DUPLICATE_KEY,L0246,2025-03-25,173,531629,14048,865,172,161
43959,DUPLICATE_KEY,L0246,2025-03-25,173,531629,14048,865,172,161
44029,INVALID_GROSS_CENTS,L0246,2025-06-04,167,-100,22784,1169,142,123
44030,INVALID_GROSS_CENTS,L0246,2025-06-05,184,-100,7250,1104,159,155
44055,INVALID_LABOR_MINUTES,L0247,2025-01-01,130,434590,11971,,124,107
44102,REFUND_EXCEEDS_GROSS,L0247,2025-02-17,107,354705,354706,428,105,102
44119,UNKNOWN_LOCATION|UNEXPECTED_LOCATION_DATE|DUPLICATE_KEY,UNKNOWN,2025-03-08,155,621395,3572,465,139,134
44130,INVALID_LABOR_MINUTES,L0247,2025-03-19,118,400964,15980,,103,88
44183,DUPLICATE_KEY,L0247,2025-05-12,130,537160,7239,650,120,105
44184,DUPLICATE_KEY,L0247,2025-05-12,130,537160,7239,650,120,105
44203,DUPLICATE_KEY,L0247,2025-05-31,161,364182,8222,1127,160,149
44204,DUPLICATE_KEY,L0247,2025-05-31,161,364182,8222,1127,160,149
44246,UNKNOWN_LOCATION|UNEXPECTED_LOCATION_DATE|DUPLICATE_KEY,UNKNOWN,2025-01-13,118,377364,6819,590,106,92
44289,DUPLICATE_KEY,L0248,2025-02-27,114,445626,20922,684,100,97
44290,DUPLICATE_KEY,L0248,2025-02-27,114,445626,20922,684,100,97
44386,DUPLICATE_KEY,L0248,2025-06-04,92,403604,19363,460,82,74
44387,DUPLICATE_KEY,L0248,2025-06-04,92,403604,19363,460,82,74
44403,DUPLICATE_KEY,L0248,2025-06-20,127,387731,4064,762,108,97
44404,DUPLICATE_KEY,L0248,2025-06-20,127,387731,4064,762,108,97
44421,UNKNOWN_LOCATION|UNEXPECTED_LOCATION_DATE,UNKNOWN,2025-01-08,131,345971,10827,786,124,105
44429,UNKNOWN_LOCATION|UNEXPECTED_LOCATION_DATE,UNKNOWN,2025-01-16,166,536180,18960,664,153,145
44481,DUPLICATE_KEY,L0249,2025-03-09,148,506752,3585,1036,140,137
44482,DUPLICATE_KEY,L0249,2025-03-09,148,506752,3585,1036,140,137
44629,INVALID_LABOR_MINUTES,L0250,2025-02-07,180,631260,30559,,171,150
44632,UNKNOWN_LOCATION|UNEXPECTED_LOCATION_DATE,UNKNOWN,2025-02-10,174,752898,7054,870,167,144
44684,DUPLICATE_KEY,L0250,2025-04-03,198,700920,4622,990,171,148
44685,DUPLICATE_KEY,L0250,2025-04-03,198,700920,4622,990,171,148
44720,INVALID_LABOR_MINUTES,L0250,2025-05-08,156,497952,7876,,146,138
44743,DUPLICATE_KEY,L0250,2025-05-31,230,790970,19820,1150,216,195
44744,DUPLICATE_KEY,L0250,2025-05-31,230,790970,19820,1150,216,195
